2026-07-05 17:13:29,992 INFO [main] com.mustertech.shop.order.OrderService - Produktkatalog-Cache aktualisiert: 12841 Artikel in 3421 ms
2026-07-05 17:15:22,188 INFO [main] com.mustertech.shop.inventory.StockChecker - Bestellung B-2026-266502 erfolgreich angelegt (3 Positionen, Summe 249,90 EUR)
2026-07-05 17:16:24,758 DEBUG [http-nio-8080-exec-1] com.mustertech.shop.payment.PaymentClient - Preisberechnung für Warenkorb w-85799: 4 Positionen, 2 Rabattregeln angewendet
2026-07-05 17:18:27,586 INFO [scheduler-2] com.mustertech.shop.config.CacheWarmup - Bestellung B-2026-483828 erfolgreich angelegt (3 Positionen, Summe 249,90 EUR)
2026-07-05 17:19:59,188 INFO [kafka-listener-0] com.mustertech.shop.order.OrderService - Produktkatalog-Cache aktualisiert: 12841 Artikel in 3421 ms
2026-07-05 17:21:49,884 INFO [http-nio-8080-exec-4] com.mustertech.shop.config.CacheWarmup - Lagerbestand für Artikel MT-26080 aktualisiert: 42 -> 41
2026-07-05 17:22:48,691 DEBUG [http-nio-8080-exec-4] com.mustertech.shop.order.OrderController - Preisberechnung für Warenkorb w-27200: 4 Positionen, 2 Rabattregeln angewendet
2026-07-05 17:23:51,610 WARN [scheduler-2] com.mustertech.shop.payment.PaymentClient - Cache-Miss-Rate über 40% in den letzten 5 Minuten
2026-07-05 17:24:37,994 INFO [scheduler-2] com.mustertech.shop.cart.CartService - Bestellung B-2026-602395 an Versanddienstleister übergeben
2026-07-05 17:26:06,054 INFO [http-nio-8080-exec-4] com.mustertech.shop.order.OrderController - Bestellung B-2026-933394 an Versanddienstleister übergeben
2026-07-05 17:27:21,681 INFO [scheduler-2] com.mustertech.shop.payment.PaymentClient - Warenkorb w-65640 zusammengeführt nach Login
2026-07-05 17:29:56,315 INFO [http-nio-8080-exec-1] com.mustertech.shop.config.CacheWarmup - Warenkorb w-97422 zusammengeführt nach Login
2026-07-05 17:31:04,762 INFO [scheduler-2] com.mustertech.shop.order.OrderController - Lagerbestand für Artikel MT-19221 aktualisiert: 42 -> 41
2026-07-05 17:32:27,509 INFO [http-nio-8080-exec-4] com.mustertech.shop.inventory.StockChecker - Bestellung B-2026-760831 erfolgreich angelegt (3 Positionen, Summe 249,90 EUR)
2026-07-05 17:34:51,426 WARN [http-nio-8080-exec-1] com.mustertech.shop.order.OrderService - Langsame Datenbankabfrage: findOrdersByCustomer dauerte 2841 ms (Schwellwert 1000 ms)
2026-07-05 17:35:43,795 INFO [http-nio-8080-exec-1] com.mustertech.shop.catalog.ProductService - Empfehlungsmodell neu geladen (Version 2026-06-30)
2026-07-05 17:36:13,466 INFO [scheduler-2] com.mustertech.shop.payment.PaymentClient - Bestellung B-2026-480769 erfolgreich angelegt (3 Positionen, Summe 249,90 EUR)
2026-07-05 17:38:44,465 INFO [main] com.mustertech.shop.inventory.StockChecker - Produktkatalog-Cache aktualisiert: 12841 Artikel in 3421 ms
2026-07-05 17:39:31,630 INFO [kafka-listener-0] com.mustertech.shop.order.OrderController - Produktkatalog-Cache aktualisiert: 12841 Artikel in 3421 ms
2026-07-05 17:40:17,998 INFO [scheduler-2] com.mustertech.shop.catalog.ProductService - Lagerbestand für Artikel MT-15062 aktualisiert: 42 -> 41
2026-07-05 17:42:03,450 INFO [main] com.mustertech.shop.cart.CartService - Warenkorb w-93574 zusammengeführt nach Login
2026-07-05 17:42:59,768 WARN [main] com.mustertech.shop.catalog.ProductService - Deprecation: Endpoint /api/v0/produkte wird am 30.09. abgeschaltet, Aufrufer 10.20.30.23
2026-07-05 17:45:21,371 WARN [main] com.mustertech.shop.order.OrderController - Artikel MT-38704 hat negativen Sicherheitsbestand, prüfe Nachbestellung
2026-07-05 17:46:57,854 DEBUG [http-nio-8080-exec-4] com.mustertech.shop.order.OrderController - Preisberechnung für Warenkorb w-98919: 4 Positionen, 2 Rabattregeln angewendet
2026-07-05 17:47:26,959 WARN [http-nio-8080-exec-4] com.mustertech.shop.cart.CartService - Artikel MT-32865 hat negativen Sicherheitsbestand, prüfe Nachbestellung
2026-07-05 17:48:43,612 INFO [http-nio-8080-exec-7] com.mustertech.shop.config.CacheWarmup - Produktkatalog-Cache aktualisiert: 12841 Artikel in 3421 ms
2026-07-05 17:50:23,085 DEBUG [kafka-listener-0] com.mustertech.shop.inventory.StockChecker - Preisberechnung für Warenkorb w-47758: 4 Positionen, 2 Rabattregeln angewendet
2026-07-05 17:51:25,333 WARN [http-nio-8080-exec-1] com.mustertech.shop.config.CacheWarmup - Cache-Miss-Rate über 40% in den letzten 5 Minuten
2026-07-05 17:51:52,306 INFO [http-nio-8080-exec-4] com.mustertech.shop.config.CacheWarmup - Kundenkonto k-57486 angemeldet
2026-07-05 17:52:16,649 INFO [scheduler-2] com.mustertech.shop.payment.PaymentClient - Bestellung B-2026-196025 erfolgreich angelegt (3 Positionen, Summe 249,90 EUR)
2026-07-05 17:54:06,822 INFO [http-nio-8080-exec-4] com.mustertech.shop.catalog.ProductService - Kundenkonto k-36162 angemeldet
2026-07-05 17:54:58,116 INFO [http-nio-8080-exec-1] com.mustertech.shop.inventory.StockChecker - Bestellung B-2026-438965 an Versanddienstleister übergeben
2026-07-05 17:56:31,507 INFO [http-nio-8080-exec-1] com.mustertech.shop.order.OrderController - Bestellung B-2026-665326 an Versanddienstleister übergeben
2026-07-05 17:57:53,371 INFO [http-nio-8080-exec-7] com.mustertech.shop.cart.CartService - Warenkorb w-75471 zusammengeführt nach Login
2026-07-05 17:59:37,259 INFO [http-nio-8080-exec-1] com.mustertech.shop.catalog.ProductService - Bestellung B-2026-105479 an Versanddienstleister übergeben
2026-07-05 18:00:36,224 INFO [scheduler-2] com.mustertech.shop.config.CacheWarmup - Zahlung für Bestellung B-2026-661891 autorisiert (PSP-Referenz psp_54989452)
2026-07-05 18:02:50,571 INFO [scheduler-2] com.mustertech.shop.payment.PaymentClient - Warenkorb w-70173 zusammengeführt nach Login
2026-07-05 18:04:20,922 DEBUG [scheduler-2] com.mustertech.shop.payment.PaymentClient - Preisberechnung für Warenkorb w-22990: 4 Positionen, 2 Rabattregeln angewendet
2026-07-05 18:05:39,900 INFO [main] com.mustertech.shop.order.OrderService - Bestellung B-2026-809803 an Versanddienstleister übergeben
2026-07-05 18:07:00,041 INFO [http-nio-8080-exec-1] com.mustertech.shop.order.OrderController - Produktkatalog-Cache aktualisiert: 12841 Artikel in 3421 ms
2026-07-05 18:09:17,216 INFO [kafka-listener-0] com.mustertech.shop.cart.CartService - Kundenkonto k-68597 angemeldet
2026-07-05 18:11:52,374 INFO [http-nio-8080-exec-1] com.mustertech.shop.inventory.StockChecker - Empfehlungsmodell neu geladen (Version 2026-06-30)
2026-07-05 18:12:20,432 DEBUG [scheduler-2] com.mustertech.shop.order.OrderController - Preisberechnung für Warenkorb w-90079: 4 Positionen, 2 Rabattregeln angewendet
2026-07-05 18:14:37,438 WARN [http-nio-8080-exec-7] com.mustertech.shop.config.CacheWarmup - Langsame Datenbankabfrage: findOrdersByCustomer dauerte 2841 ms (Schwellwert 1000 ms)
2026-07-05 18:16:01,451 INFO [scheduler-2] com.mustertech.shop.inventory.StockChecker - Warenkorb w-62838 zusammengeführt nach Login
2026-07-05 18:18:18,684 WARN [http-nio-8080-exec-4] com.mustertech.shop.config.CacheWarmup - Cache-Miss-Rate über 40% in den letzten 5 Minuten
2026-07-05 18:18:45,792 INFO [http-nio-8080-exec-1] com.mustertech.shop.catalog.ProductService - Kundenkonto k-3971 angemeldet
2026-07-05 18:20:54,207 ERROR [kafka-listener-0] com.mustertech.shop.order.OrderService - Bestellung B-2026-870886 konnte nicht abgeschlossen werden: Zahlungsanbieter meldet Fehler 502
2026-07-05 18:22:34,377 INFO [http-nio-8080-exec-7] com.mustertech.shop.config.CacheWarmup - Bestellung B-2026-259206 an Versanddienstleister übergeben
2026-07-05 18:23:47,800 INFO [http-nio-8080-exec-7] com.mustertech.shop.config.CacheWarmup - Kundenkonto k-6329 angemeldet
2026-07-05 18:24:22,225 INFO [http-nio-8080-exec-4] com.mustertech.shop.config.CacheWarmup - Warenkorb w-46776 zusammengeführt nach Login
2026-07-05 18:25:11,916 INFO [http-nio-8080-exec-1] com.mustertech.shop.inventory.StockChecker - Empfehlungsmodell neu geladen (Version 2026-06-30)
2026-07-05 18:27:04,157 INFO [http-nio-8080-exec-7] com.mustertech.shop.order.OrderController - Produktkatalog-Cache aktualisiert: 12841 Artikel in 3421 ms
2026-07-05 18:29:33,648 WARN [main] com.mustertech.shop.payment.PaymentClient - Cache-Miss-Rate über 40% in den letzten 5 Minuten
2026-07-05 18:31:33,229 WARN [http-nio-8080-exec-4] com.mustertech.shop.config.CacheWarmup - Langsame Datenbankabfrage: findOrdersByCustomer dauerte 2841 ms (Schwellwert 1000 ms)
2026-07-05 18:32:14,611 INFO [http-nio-8080-exec-4] com.mustertech.shop.order.OrderController - Produktkatalog-Cache aktualisiert: 12841 Artikel in 3421 ms
2026-07-05 18:34:45,973 INFO [kafka-listener-0] com.mustertech.shop.catalog.ProductService - Kundenkonto k-70583 angemeldet
2026-07-05 18:37:00,422 WARN [http-nio-8080-exec-4] com.mustertech.shop.config.CacheWarmup - Deprecation: Endpoint /api/v0/produkte wird am 30.09. abgeschaltet, Aufrufer 10.20.30.227
2026-07-05 18:38:27,571 INFO [kafka-listener-0] com.mustertech.shop.config.CacheWarmup - Warenkorb w-35149 zusammengeführt nach Login
2026-07-05 18:40:29,413 ERROR [http-nio-8080-exec-4] com.mustertech.shop.payment.PaymentClient - PSP-Aufruf für Bestellung B-2026-336863 endgültig fehlgeschlagen (3/3 Versuche)
com.mustertech.shop.payment.PaymentException: Zahlungsanbieter nicht erreichbar
	at com.mustertech.shop.payment.PaymentClient.authorize(PaymentClient.java:93)
	at com.mustertech.shop.checkout.CheckoutService.completeOrder(CheckoutService.java:71)
Caused by: java.net.http.HttpTimeoutException: request timed out
	at java.net.http/jdk.internal.net.http.HttpClientImpl.send(HttpClientImpl.java:966)
	at com.mustertech.shop.payment.PaymentClient.doRequest(PaymentClient.java:141)
	... 9 more
2026-07-05 18:43:01,308 INFO [main] com.mustertech.shop.cart.CartService - Produktkatalog-Cache aktualisiert: 12841 Artikel in 3421 ms
2026-07-05 18:43:59,356 WARN [kafka-listener-0] com.mustertech.shop.config.CacheWarmup - Retry 2/3 für PSP-Aufruf, vorheriger Versuch mit Timeout nach 5000 ms
2026-07-05 18:46:31,590 INFO [http-nio-8080-exec-7] com.mustertech.shop.config.CacheWarmup - Zahlung für Bestellung B-2026-168799 autorisiert (PSP-Referenz psp_72110518)
2026-07-05 18:47:58,465 INFO [http-nio-8080-exec-7] com.mustertech.shop.cart.CartService - Kundenkonto k-65237 angemeldet
2026-07-05 18:50:13,717 INFO [kafka-listener-0] com.mustertech.shop.cart.CartService - Kundenkonto k-97387 angemeldet
2026-07-05 18:51:25,990 INFO [http-nio-8080-exec-4] com.mustertech.shop.inventory.StockChecker - Bestellung B-2026-703977 an Versanddienstleister übergeben
2026-07-05 18:53:00,457 INFO [scheduler-2] com.mustertech.shop.cart.CartService - Kundenkonto k-92024 angemeldet
2026-07-05 18:55:29,649 DEBUG [scheduler-2] com.mustertech.shop.config.CacheWarmup - Preisberechnung für Warenkorb w-84937: 4 Positionen, 2 Rabattregeln angewendet
2026-07-05 18:56:08,109 INFO [http-nio-8080-exec-1] com.mustertech.shop.payment.PaymentClient - Zahlung für Bestellung B-2026-120237 autorisiert (PSP-Referenz psp_76075369)
2026-07-05 18:57:13,975 INFO [http-nio-8080-exec-7] com.mustertech.shop.order.OrderService - Bestellung B-2026-515815 an Versanddienstleister übergeben
2026-07-05 18:58:31,404 INFO [http-nio-8080-exec-1] com.mustertech.shop.order.OrderService - Warenkorb w-3620 zusammengeführt nach Login
2026-07-05 18:59:43,536 INFO [main] com.mustertech.shop.inventory.StockChecker - Warenkorb w-57433 zusammengeführt nach Login
2026-07-05 19:02:09,578 INFO [main] com.mustertech.shop.order.OrderService - Kundenkonto k-21363 angemeldet
2026-07-05 19:04:23,877 INFO [http-nio-8080-exec-1] com.mustertech.shop.catalog.ProductService - Zahlung für Bestellung B-2026-318170 autorisiert (PSP-Referenz psp_84927455)
2026-07-05 19:04:47,323 WARN [kafka-listener-0] com.mustertech.shop.catalog.ProductService - Langsame Datenbankabfrage: findOrdersByCustomer dauerte 2841 ms (Schwellwert 1000 ms)
2026-07-05 19:06:47,106 INFO [http-nio-8080-exec-7] com.mustertech.shop.config.CacheWarmup - Bestellung B-2026-629712 an Versanddienstleister übergeben
2026-07-05 19:07:21,910 WARN [main] com.mustertech.shop.cart.CartService - Artikel MT-13779 hat negativen Sicherheitsbestand, prüfe Nachbestellung
2026-07-05 19:09:04,110 INFO [scheduler-2] com.mustertech.shop.cart.CartService - Kundenkonto k-72834 angemeldet
2026-07-05 19:09:52,259 INFO [scheduler-2] com.mustertech.shop.catalog.ProductService - Lagerbestand für Artikel MT-20987 aktualisiert: 42 -> 41
2026-07-05 19:11:21,410 INFO [main] com.mustertech.shop.inventory.StockChecker - Warenkorb w-68189 zusammengeführt nach Login
2026-07-05 19:12:58,477 INFO [http-nio-8080-exec-4] com.mustertech.shop.catalog.ProductService - Bestellung B-2026-275781 erfolgreich angelegt (3 Positionen, Summe 249,90 EUR)
2026-07-05 19:14:08,381 INFO [scheduler-2] com.mustertech.shop.cart.CartService - Kundenkonto k-31964 angemeldet
2026-07-05 19:14:36,816 INFO [scheduler-2] com.mustertech.shop.payment.PaymentClient - Kundenkonto k-84196 angemeldet
2026-07-05 19:15:51,076 INFO [main] com.mustertech.shop.order.OrderController - Zahlung für Bestellung B-2026-882368 autorisiert (PSP-Referenz psp_31436210)
2026-07-05 19:16:56,637 INFO [kafka-listener-0] com.mustertech.shop.order.OrderService - Bestellung B-2026-323865 an Versanddienstleister übergeben
2026-07-05 19:19:03,772 INFO [http-nio-8080-exec-1] com.mustertech.shop.config.CacheWarmup - Bestellung B-2026-102941 erfolgreich angelegt (3 Positionen, Summe 249,90 EUR)
2026-07-05 19:19:38,557 INFO [http-nio-8080-exec-1] com.mustertech.shop.config.CacheWarmup - Bestellung B-2026-273404 erfolgreich angelegt (3 Positionen, Summe 249,90 EUR)
2026-07-05 19:21:47,370 WARN [http-nio-8080-exec-7] com.mustertech.shop.config.CacheWarmup - Langsame Datenbankabfrage: findOrdersByCustomer dauerte 2841 ms (Schwellwert 1000 ms)
2026-07-05 19:22:23,251 WARN [scheduler-2] com.mustertech.shop.order.OrderController - Artikel MT-31562 hat negativen Sicherheitsbestand, prüfe Nachbestellung
2026-07-05 19:22:46,556 INFO [http-nio-8080-exec-7] com.mustertech.shop.order.OrderService - Warenkorb w-49116 zusammengeführt nach Login
2026-07-05 19:23:46,888 INFO [http-nio-8080-exec-4] com.mustertech.shop.catalog.ProductService - Bestellung B-2026-467911 erfolgreich angelegt (3 Positionen, Summe 249,90 EUR)
2026-07-05 19:24:47,974 WARN [scheduler-2] com.mustertech.shop.inventory.StockChecker - Langsame Datenbankabfrage: findOrdersByCustomer dauerte 2841 ms (Schwellwert 1000 ms)
2026-07-05 19:25:46,805 WARN [http-nio-8080-exec-7] com.mustertech.shop.config.CacheWarmup - Cache-Miss-Rate über 40% in den letzten 5 Minuten
2026-07-05 19:26:17,910 WARN [scheduler-2] com.mustertech.shop.inventory.StockChecker - Cache-Miss-Rate über 40% in den letzten 5 Minuten
2026-07-05 19:27:00,077 INFO [main] com.mustertech.shop.config.CacheWarmup - Warenkorb w-86302 zusammengeführt nach Login
2026-07-05 19:27:48,639 INFO [http-nio-8080-exec-4] com.mustertech.shop.payment.PaymentClient - Bestellung B-2026-985497 erfolgreich angelegt (3 Positionen, Summe 249,90 EUR)
2026-07-05 19:29:22,698 INFO [http-nio-8080-exec-1] com.mustertech.shop.catalog.ProductService - Warenkorb w-56178 zusammengeführt nach Login
2026-07-05 19:31:18,553 INFO [http-nio-8080-exec-7] com.mustertech.shop.config.CacheWarmup - Kundenkonto k-75494 angemeldet
2026-07-05 19:31:36,638 INFO [http-nio-8080-exec-4] com.mustertech.shop.order.OrderService - Warenkorb w-53592 zusammengeführt nach Login
2026-07-05 19:32:48,450 WARN [http-nio-8080-exec-4] com.mustertech.shop.order.OrderController - Deprecation: Endpoint /api/v0/produkte wird am 30.09. abgeschaltet, Aufrufer 10.20.30.143
2026-07-05 19:33:54,327 INFO [main] com.mustertech.shop.order.OrderController - Kundenkonto k-6909 angemeldet
2026-07-05 19:34:43,901 INFO [http-nio-8080-exec-7] com.mustertech.shop.order.OrderService - Bestellung B-2026-624598 erfolgreich angelegt (3 Positionen, Summe 249,90 EUR)
2026-07-05 19:35:52,746 INFO [http-nio-8080-exec-7] com.mustertech.shop.inventory.StockChecker - Zahlung für Bestellung B-2026-372236 autorisiert (PSP-Referenz psp_90135651)
2026-07-05 19:37:32,752 WARN [http-nio-8080-exec-7] com.mustertech.shop.order.OrderService - Retry 2/3 für PSP-Aufruf, vorheriger Versuch mit Timeout nach 5000 ms
2026-07-05 19:39:29,878 INFO [http-nio-8080-exec-1] com.mustertech.shop.cart.CartService - Zahlung für Bestellung B-2026-707722 autorisiert (PSP-Referenz psp_39916649)
2026-07-05 19:40:33,885 INFO [kafka-listener-0] com.mustertech.shop.order.OrderService - Zahlung für Bestellung B-2026-261121 autorisiert (PSP-Referenz psp_97162567)
2026-07-05 19:42:20,469 INFO [main] com.mustertech.shop.catalog.ProductService - Produktkatalog-Cache aktualisiert: 12841 Artikel in 3421 ms
2026-07-05 19:44:25,688 INFO [main] com.mustertech.shop.catalog.ProductService - Lagerbestand für Artikel MT-21328 aktualisiert: 42 -> 41
2026-07-05 19:45:52,412 INFO [scheduler-2] com.mustertech.shop.inventory.StockChecker - Zahlung für Bestellung B-2026-237042 autorisiert (PSP-Referenz psp_49244900)
2026-07-05 19:47:13,765 WARN [kafka-listener-0] com.mustertech.shop.order.OrderController - Artikel MT-12343 hat negativen Sicherheitsbestand, prüfe Nachbestellung
2026-07-05 19:48:29,178 INFO [http-nio-8080-exec-1] com.mustertech.shop.payment.PaymentClient - Empfehlungsmodell neu geladen (Version 2026-06-30)
2026-07-05 19:50:10,319 INFO [scheduler-2] com.mustertech.shop.payment.PaymentClient - Produktkatalog-Cache aktualisiert: 12841 Artikel in 3421 ms
2026-07-05 19:52:08,896 INFO [kafka-listener-0] com.mustertech.shop.config.CacheWarmup - Empfehlungsmodell neu geladen (Version 2026-06-30)
2026-07-05 19:53:52,395 INFO [http-nio-8080-exec-7] com.mustertech.shop.catalog.ProductService - Zahlung für Bestellung B-2026-479601 autorisiert (PSP-Referenz psp_48615348)
2026-07-05 19:54:16,182 INFO [kafka-listener-0] com.mustertech.shop.catalog.ProductService - Empfehlungsmodell neu geladen (Version 2026-06-30)
2026-07-05 19:56:43,944 INFO [main] com.mustertech.shop.config.CacheWarmup - Lagerbestand für Artikel MT-25470 aktualisiert: 42 -> 41
2026-07-05 19:58:00,866 WARN [http-nio-8080-exec-4] com.mustertech.shop.order.OrderController - Artikel MT-31221 hat negativen Sicherheitsbestand, prüfe Nachbestellung
2026-07-05 19:58:53,295 INFO [http-nio-8080-exec-7] com.mustertech.shop.payment.PaymentClient - Zahlung für Bestellung B-2026-486655 autorisiert (PSP-Referenz psp_65067323)
2026-07-05 20:00:27,394 INFO [http-nio-8080-exec-7] com.mustertech.shop.config.CacheWarmup - Kundenkonto k-87380 angemeldet
2026-07-05 20:01:50,837 ERROR [http-nio-8080-exec-7] com.mustertech.shop.order.OrderService - Unerwarteter Fehler bei Bestellung B-2026-351334
java.lang.NullPointerException: Cannot invoke "com.mustertech.shop.customer.Address.getZipCode()" because the return value of "com.mustertech.shop.customer.Customer.getShippingAddress()" is null
	at com.mustertech.shop.order.OrderService.calculateShipping(OrderService.java:187)
	at com.mustertech.shop.order.OrderService.placeOrder(OrderService.java:102)
	at com.mustertech.shop.order.OrderController.create(OrderController.java:58)
	at jdk.internal.reflect.DirectMethodHandleAccessor.invoke(DirectMethodHandleAccessor.java:103)
	at org.springframework.web.method.support.InvocableHandlerMethod.doInvoke(InvocableHandlerMethod.java:255)
	at org.apache.catalina.core.ApplicationFilterChain.doFilter(ApplicationFilterChain.java:166)
	at java.base/java.lang.Thread.run(Thread.java:1583)
2026-07-05 20:03:23,843 INFO [scheduler-2] com.mustertech.shop.inventory.StockChecker - Bestellung B-2026-207754 an Versanddienstleister übergeben
2026-07-05 20:05:33,612 INFO [http-nio-8080-exec-1] com.mustertech.shop.cart.CartService - Zahlung für Bestellung B-2026-815970 autorisiert (PSP-Referenz psp_72917623)
2026-07-05 20:06:34,793 INFO [http-nio-8080-exec-1] com.mustertech.shop.catalog.ProductService - Warenkorb w-75269 zusammengeführt nach Login
2026-07-05 20:07:40,625 INFO [scheduler-2] com.mustertech.shop.order.OrderService - Bestellung B-2026-873139 an Versanddienstleister übergeben
2026-07-05 20:09:35,427 INFO [main] com.mustertech.shop.cart.CartService - Zahlung für Bestellung B-2026-977502 autorisiert (PSP-Referenz psp_42792621)
2026-07-05 20:12:10,334 WARN [scheduler-2] com.mustertech.shop.cart.CartService - Langsame Datenbankabfrage: findOrdersByCustomer dauerte 2841 ms (Schwellwert 1000 ms)
2026-07-05 20:12:53,188 INFO [main] com.mustertech.shop.catalog.ProductService - Lagerbestand für Artikel MT-35379 aktualisiert: 42 -> 41
2026-07-05 20:13:45,501 WARN [scheduler-2] com.mustertech.shop.order.OrderController - Artikel MT-30490 hat negativen Sicherheitsbestand, prüfe Nachbestellung
2026-07-05 20:15:06,196 INFO [kafka-listener-0] com.mustertech.shop.inventory.StockChecker - Bestellung B-2026-750888 erfolgreich angelegt (3 Positionen, Summe 249,90 EUR)
2026-07-05 20:15:45,699 INFO [main] com.mustertech.shop.cart.CartService - Bestellung B-2026-736907 an Versanddienstleister übergeben
2026-07-05 20:16:12,575 INFO [scheduler-2] com.mustertech.shop.inventory.StockChecker - Warenkorb w-36241 zusammengeführt nach Login
2026-07-05 20:18:37,599 INFO [scheduler-2] com.mustertech.shop.order.OrderController - Bestellung B-2026-370687 erfolgreich angelegt (3 Positionen, Summe 249,90 EUR)
2026-07-05 20:20:10,574 INFO [kafka-listener-0] com.mustertech.shop.catalog.ProductService - Bestellung B-2026-196591 erfolgreich angelegt (3 Positionen, Summe 249,90 EUR)
2026-07-05 20:21:54,577 INFO [kafka-listener-0] com.mustertech.shop.payment.PaymentClient - Produktkatalog-Cache aktualisiert: 12841 Artikel in 3421 ms
2026-07-05 20:22:31,295 INFO [http-nio-8080-exec-1] com.mustertech.shop.order.OrderService - Bestellung B-2026-541666 erfolgreich angelegt (3 Positionen, Summe 249,90 EUR)
2026-07-05 20:23:31,648 INFO [http-nio-8080-exec-1] com.mustertech.shop.cart.CartService - Warenkorb w-4430 zusammengeführt nach Login
2026-07-05 20:25:38,596 WARN [http-nio-8080-exec-4] com.mustertech.shop.inventory.StockChecker - Artikel MT-21998 hat negativen Sicherheitsbestand, prüfe Nachbestellung
2026-07-05 20:27:38,712 INFO [http-nio-8080-exec-7] com.mustertech.shop.order.OrderService - Warenkorb w-43215 zusammengeführt nach Login
2026-07-05 20:28:24,699 WARN [scheduler-2] com.mustertech.shop.cart.CartService - Artikel MT-19942 hat negativen Sicherheitsbestand, prüfe Nachbestellung
2026-07-05 20:28:45,750 INFO [scheduler-2] com.mustertech.shop.order.OrderService - Produktkatalog-Cache aktualisiert: 12841 Artikel in 3421 ms
2026-07-05 20:30:25,386 INFO [main] com.mustertech.shop.order.OrderService - Produktkatalog-Cache aktualisiert: 12841 Artikel in 3421 ms
2026-07-05 20:32:37,242 WARN [scheduler-2] com.mustertech.shop.order.OrderController - Deprecation: Endpoint /api/v0/produkte wird am 30.09. abgeschaltet, Aufrufer 10.20.30.63
2026-07-05 20:33:35,671 INFO [kafka-listener-0] com.mustertech.shop.catalog.ProductService - Produktkatalog-Cache aktualisiert: 12841 Artikel in 3421 ms
2026-07-05 20:34:00,863 INFO [scheduler-2] com.mustertech.shop.cart.CartService - Zahlung für Bestellung B-2026-248539 autorisiert (PSP-Referenz psp_13937359)
2026-07-05 20:34:54,378 INFO [main] com.mustertech.shop.payment.PaymentClient - Produktkatalog-Cache aktualisiert: 12841 Artikel in 3421 ms
2026-07-05 20:35:54,620 INFO [kafka-listener-0] com.mustertech.shop.catalog.ProductService - Zahlung für Bestellung B-2026-431458 autorisiert (PSP-Referenz psp_59536321)
2026-07-05 20:37:23,145 INFO [main] com.mustertech.shop.order.OrderService - Warenkorb w-32236 zusammengeführt nach Login
2026-07-05 20:39:41,192 INFO [http-nio-8080-exec-1] com.mustertech.shop.inventory.StockChecker - Bestellung B-2026-878241 an Versanddienstleister übergeben
2026-07-05 20:40:46,175 INFO [http-nio-8080-exec-4] com.mustertech.shop.catalog.ProductService - Empfehlungsmodell neu geladen (Version 2026-06-30)
2026-07-05 20:43:12,579 INFO [scheduler-2] com.mustertech.shop.order.OrderController - Warenkorb w-44595 zusammengeführt nach Login
2026-07-05 20:44:48,103 INFO [http-nio-8080-exec-4] com.mustertech.shop.payment.PaymentClient - Lagerbestand für Artikel MT-25985 aktualisiert: 42 -> 41
2026-07-05 20:47:06,280 INFO [http-nio-8080-exec-1] com.mustertech.shop.catalog.ProductService - Kundenkonto k-59940 angemeldet
2026-07-05 20:47:33,726 WARN [kafka-listener-0] com.mustertech.shop.catalog.ProductService - Langsame Datenbankabfrage: findOrdersByCustomer dauerte 2841 ms (Schwellwert 1000 ms)
2026-07-05 20:49:36,619 INFO [scheduler-2] com.mustertech.shop.payment.PaymentClient - Bestellung B-2026-572795 an Versanddienstleister übergeben
2026-07-05 20:50:44,629 WARN [main] com.mustertech.shop.inventory.StockChecker - Langsame Datenbankabfrage: findOrdersByCustomer dauerte 2841 ms (Schwellwert 1000 ms)
2026-07-05 20:52:57,518 INFO [kafka-listener-0] com.mustertech.shop.catalog.ProductService - Kundenkonto k-13664 angemeldet
2026-07-05 20:54:44,856 INFO [http-nio-8080-exec-4] com.mustertech.shop.cart.CartService - Produktkatalog-Cache aktualisiert: 12841 Artikel in 3421 ms
2026-07-05 20:56:12,568 INFO [http-nio-8080-exec-4] com.mustertech.shop.config.CacheWarmup - Kundenkonto k-70012 angemeldet
2026-07-05 20:58:05,171 INFO [http-nio-8080-exec-1] com.mustertech.shop.order.OrderService - Zahlung für Bestellung B-2026-180869 autorisiert (PSP-Referenz psp_91203852)
2026-07-05 20:59:51,287 INFO [http-nio-8080-exec-7] com.mustertech.shop.payment.PaymentClient - Bestellung B-2026-894573 erfolgreich angelegt (3 Positionen, Summe 249,90 EUR)
2026-07-05 21:01:52,384 INFO [http-nio-8080-exec-7] com.mustertech.shop.catalog.ProductService - Zahlung für Bestellung B-2026-608122 autorisiert (PSP-Referenz psp_75558906)
2026-07-05 21:03:14,048 WARN [http-nio-8080-exec-7] com.mustertech.shop.inventory.StockChecker - Langsame Datenbankabfrage: findOrdersByCustomer dauerte 2841 ms (Schwellwert 1000 ms)
2026-07-05 21:04:31,542 WARN [http-nio-8080-exec-1] com.mustertech.shop.inventory.StockChecker - Retry 2/3 für PSP-Aufruf, vorheriger Versuch mit Timeout nach 5000 ms
2026-07-05 21:06:43,913 WARN [kafka-listener-0] com.mustertech.shop.cart.CartService - Cache-Miss-Rate über 40% in den letzten 5 Minuten
2026-07-05 21:09:04,343 INFO [http-nio-8080-exec-1] com.mustertech.shop.catalog.ProductService - Bestellung B-2026-716074 erfolgreich angelegt (3 Positionen, Summe 249,90 EUR)
2026-07-05 21:10:47,594 INFO [main] com.mustertech.shop.payment.PaymentClient - Kundenkonto k-26769 angemeldet
2026-07-05 21:13:20,183 WARN [http-nio-8080-exec-1] com.mustertech.shop.order.OrderController - Langsame Datenbankabfrage: findOrdersByCustomer dauerte 2841 ms (Schwellwert 1000 ms)
2026-07-05 21:13:43,235 INFO [http-nio-8080-exec-4] com.mustertech.shop.inventory.StockChecker - Warenkorb w-73656 zusammengeführt nach Login
2026-07-05 21:14:44,241 INFO [main] com.mustertech.shop.order.OrderController - Empfehlungsmodell neu geladen (Version 2026-06-30)
2026-07-05 21:15:56,262 INFO [main] com.mustertech.shop.catalog.ProductService - Lagerbestand für Artikel MT-38626 aktualisiert: 42 -> 41
2026-07-05 21:16:51,774 INFO [main] com.mustertech.shop.cart.CartService - Produktkatalog-Cache aktualisiert: 12841 Artikel in 3421 ms
2026-07-05 21:18:49,498 INFO [kafka-listener-0] com.mustertech.shop.payment.PaymentClient - Produktkatalog-Cache aktualisiert: 12841 Artikel in 3421 ms
2026-07-05 21:20:10,893 INFO [http-nio-8080-exec-1] com.mustertech.shop.order.OrderService - Warenkorb w-35977 zusammengeführt nach Login
2026-07-05 21:22:01,784 WARN [main] com.mustertech.shop.order.OrderService - Deprecation: Endpoint /api/v0/produkte wird am 30.09. abgeschaltet, Aufrufer 10.20.30.7
2026-07-05 21:23:00,134 INFO [kafka-listener-0] com.mustertech.shop.config.CacheWarmup - Empfehlungsmodell neu geladen (Version 2026-06-30)
2026-07-05 21:23:20,104 INFO [main] com.mustertech.shop.inventory.StockChecker - Bestellung B-2026-534808 an Versanddienstleister übergeben
2026-07-05 21:25:08,653 INFO [main] com.mustertech.shop.order.OrderService - Zahlung für Bestellung B-2026-151116 autorisiert (PSP-Referenz psp_37998031)
2026-07-05 21:26:25,539 INFO [http-nio-8080-exec-1] com.mustertech.shop.order.OrderService - Bestellung B-2026-644575 erfolgreich angelegt (3 Positionen, Summe 249,90 EUR)
2026-07-05 21:27:39,177 WARN [scheduler-2] com.mustertech.shop.order.OrderController - Cache-Miss-Rate über 40% in den letzten 5 Minuten
2026-07-05 21:29:44,257 WARN [kafka-listener-0] com.mustertech.shop.config.CacheWarmup - Langsame Datenbankabfrage: findOrdersByCustomer dauerte 2841 ms (Schwellwert 1000 ms)
2026-07-05 21:30:55,907 INFO [main] com.mustertech.shop.config.CacheWarmup - Bestellung B-2026-153458 erfolgreich angelegt (3 Positionen, Summe 249,90 EUR)
2026-07-05 21:31:44,713 WARN [kafka-listener-0] com.mustertech.shop.order.OrderService - Retry 2/3 für PSP-Aufruf, vorheriger Versuch mit Timeout nach 5000 ms
2026-07-05 21:33:39,179 INFO [main] com.mustertech.shop.order.OrderService - Kundenkonto k-41971 angemeldet
2026-07-05 21:34:14,151 INFO [http-nio-8080-exec-7] com.mustertech.shop.order.OrderService - Bestellung B-2026-906731 erfolgreich angelegt (3 Positionen, Summe 249,90 EUR)
2026-07-05 21:35:55,558 WARN [http-nio-8080-exec-4] com.mustertech.shop.config.CacheWarmup - Retry 2/3 für PSP-Aufruf, vorheriger Versuch mit Timeout nach 5000 ms
2026-07-05 21:37:27,641 INFO [http-nio-8080-exec-7] com.mustertech.shop.catalog.ProductService - Warenkorb w-75905 zusammengeführt nach Login
2026-07-05 21:39:19,400 INFO [http-nio-8080-exec-4] com.mustertech.shop.config.CacheWarmup - Bestellung B-2026-942124 an Versanddienstleister übergeben
2026-07-05 21:40:19,436 INFO [http-nio-8080-exec-4] com.mustertech.shop.order.OrderController - Zahlung für Bestellung B-2026-915295 autorisiert (PSP-Referenz psp_13768005)
2026-07-05 21:41:05,396 INFO [http-nio-8080-exec-7] com.mustertech.shop.cart.CartService - Produktkatalog-Cache aktualisiert: 12841 Artikel in 3421 ms
2026-07-05 21:41:30,762 WARN [kafka-listener-0] com.mustertech.shop.payment.PaymentClient - Deprecation: Endpoint /api/v0/produkte wird am 30.09. abgeschaltet, Aufrufer 10.20.30.226
2026-07-05 21:42:02,964 DEBUG [main] com.mustertech.shop.cart.CartService - Preisberechnung für Warenkorb w-68607: 4 Positionen, 2 Rabattregeln angewendet
2026-07-05 21:43:41,137 INFO [main] com.mustertech.shop.order.OrderService - Warenkorb w-58501 zusammengeführt nach Login
2026-07-05 21:45:25,306 INFO [http-nio-8080-exec-1] com.mustertech.shop.config.CacheWarmup - Lagerbestand für Artikel MT-36457 aktualisiert: 42 -> 41
2026-07-05 21:46:20,429 INFO [scheduler-2] com.mustertech.shop.payment.PaymentClient - Bestellung B-2026-408561 erfolgreich angelegt (3 Positionen, Summe 249,90 EUR)
2026-07-05 21:47:21,917 INFO [scheduler-2] com.mustertech.shop.payment.PaymentClient - Bestellung B-2026-171041 an Versanddienstleister übergeben
2026-07-05 21:49:00,352 INFO [http-nio-8080-exec-4] com.mustertech.shop.inventory.StockChecker - Kundenkonto k-5611 angemeldet
2026-07-05 21:50:04,334 INFO [main] com.mustertech.shop.config.CacheWarmup - Warenkorb w-27498 zusammengeführt nach Login
2026-07-05 21:51:33,221 INFO [http-nio-8080-exec-4] com.mustertech.shop.config.CacheWarmup - Warenkorb w-40994 zusammengeführt nach Login
2026-07-05 21:51:52,923 INFO [kafka-listener-0] com.mustertech.shop.order.OrderController - Lagerbestand für Artikel MT-33824 aktualisiert: 42 -> 41
2026-07-05 21:53:41,658 WARN [http-nio-8080-exec-7] com.mustertech.shop.payment.PaymentClient - Deprecation: Endpoint /api/v0/produkte wird am 30.09. abgeschaltet, Aufrufer 10.20.30.112
2026-07-05 21:54:19,721 INFO [http-nio-8080-exec-4] com.mustertech.shop.config.CacheWarmup - Empfehlungsmodell neu geladen (Version 2026-06-30)
2026-07-05 21:55:06,563 INFO [kafka-listener-0] com.mustertech.shop.inventory.StockChecker - Bestellung B-2026-898030 an Versanddienstleister übergeben
2026-07-05 21:57:08,760 INFO [scheduler-2] com.mustertech.shop.payment.PaymentClient - Bestellung B-2026-963374 an Versanddienstleister übergeben
2026-07-05 21:59:28,196 INFO [scheduler-2] com.mustertech.shop.inventory.StockChecker - Produktkatalog-Cache aktualisiert: 12841 Artikel in 3421 ms
2026-07-05 22:01:44,175 INFO [main] com.mustertech.shop.order.OrderService - Kundenkonto k-9179 angemeldet
2026-07-05 22:03:36,514 ERROR [main] com.mustertech.shop.cart.CartService - Ungültige Anfrage abgewiesen
java.lang.IllegalArgumentException: Menge muss größer 0 sein, war: -2 (Artikel MT-33404)
	at com.mustertech.shop.cart.CartService.addItem(CartService.java:66)
	at com.mustertech.shop.cart.CartController.add(CartController.java:39)
	at java.base/java.lang.Thread.run(Thread.java:1583)
2026-07-05 22:05:34,915 INFO [kafka-listener-0] com.mustertech.shop.order.OrderService - Bestellung B-2026-346059 an Versanddienstleister übergeben
2026-07-05 22:07:48,575 INFO [http-nio-8080-exec-1] com.mustertech.shop.order.OrderController - Kundenkonto k-24215 angemeldet
2026-07-05 22:08:16,384 INFO [kafka-listener-0] com.mustertech.shop.order.OrderService - Kundenkonto k-6849 angemeldet
2026-07-05 22:09:07,878 INFO [http-nio-8080-exec-4] com.mustertech.shop.catalog.ProductService - Lagerbestand für Artikel MT-35665 aktualisiert: 42 -> 41
2026-07-05 22:10:05,552 INFO [scheduler-2] com.mustertech.shop.inventory.StockChecker - Warenkorb w-28143 zusammengeführt nach Login
2026-07-05 22:10:54,479 INFO [http-nio-8080-exec-7] com.mustertech.shop.payment.PaymentClient - Lagerbestand für Artikel MT-20387 aktualisiert: 42 -> 41
2026-07-05 22:12:58,455 INFO [main] com.mustertech.shop.inventory.StockChecker - Warenkorb w-90581 zusammengeführt nach Login
2026-07-05 22:13:47,286 INFO [main] com.mustertech.shop.order.OrderController - Lagerbestand für Artikel MT-34672 aktualisiert: 42 -> 41
2026-07-05 22:14:39,511 WARN [scheduler-2] com.mustertech.shop.inventory.StockChecker - Artikel MT-24547 hat negativen Sicherheitsbestand, prüfe Nachbestellung
2026-07-05 22:16:19,905 INFO [http-nio-8080-exec-7] com.mustertech.shop.config.CacheWarmup - Zahlung für Bestellung B-2026-160626 autorisiert (PSP-Referenz psp_90521181)
2026-07-05 22:16:54,396 INFO [kafka-listener-0] com.mustertech.shop.order.OrderService - Kundenkonto k-71114 angemeldet
2026-07-05 22:17:57,330 DEBUG [http-nio-8080-exec-7] com.mustertech.shop.order.OrderController - Preisberechnung für Warenkorb w-83235: 4 Positionen, 2 Rabattregeln angewendet
2026-07-05 22:19:52,237 INFO [main] com.mustertech.shop.order.OrderService - Warenkorb w-69151 zusammengeführt nach Login
2026-07-05 22:21:49,654 INFO [http-nio-8080-exec-4] com.mustertech.shop.config.CacheWarmup - Zahlung für Bestellung B-2026-814306 autorisiert (PSP-Referenz psp_19608913)
2026-07-05 22:22:26,064 WARN [http-nio-8080-exec-1] com.mustertech.shop.cart.CartService - Retry 2/3 für PSP-Aufruf, vorheriger Versuch mit Timeout nach 5000 ms
2026-07-05 22:23:42,033 INFO [http-nio-8080-exec-4] com.mustertech.shop.payment.PaymentClient - Zahlung für Bestellung B-2026-943101 autorisiert (PSP-Referenz psp_85012995)
2026-07-05 22:25:57,771 INFO [http-nio-8080-exec-7] com.mustertech.shop.order.OrderService - Warenkorb w-38290 zusammengeführt nach Login
2026-07-05 22:26:51,962 INFO [http-nio-8080-exec-7] com.mustertech.shop.payment.PaymentClient - Bestellung B-2026-658167 erfolgreich angelegt (3 Positionen, Summe 249,90 EUR)
2026-07-05 22:29:06,531 INFO [main] com.mustertech.shop.order.OrderController - Kundenkonto k-18669 angemeldet
2026-07-05 22:31:27,161 WARN [main] com.mustertech.shop.inventory.StockChecker - Artikel MT-35959 hat negativen Sicherheitsbestand, prüfe Nachbestellung
2026-07-05 22:33:29,276 INFO [http-nio-8080-exec-1] com.mustertech.shop.order.OrderController - Zahlung für Bestellung B-2026-366038 autorisiert (PSP-Referenz psp_92904807)
2026-07-05 22:35:55,153 INFO [http-nio-8080-exec-7] com.mustertech.shop.catalog.ProductService - Zahlung für Bestellung B-2026-485139 autorisiert (PSP-Referenz psp_91796242)
2026-07-05 22:37:42,019 WARN [main] com.mustertech.shop.inventory.StockChecker - Cache-Miss-Rate über 40% in den letzten 5 Minuten
2026-07-05 22:38:44,988 INFO [kafka-listener-0] com.mustertech.shop.config.CacheWarmup - Lagerbestand für Artikel MT-18721 aktualisiert: 42 -> 41
2026-07-05 22:39:03,077 INFO [main] com.mustertech.shop.cart.CartService - Bestellung B-2026-966434 an Versanddienstleister übergeben
2026-07-05 22:39:40,678 INFO [http-nio-8080-exec-7] com.mustertech.shop.inventory.StockChecker - Bestellung B-2026-484340 an Versanddienstleister übergeben
2026-07-05 22:40:41,760 INFO [http-nio-8080-exec-4] com.mustertech.shop.config.CacheWarmup - Empfehlungsmodell neu geladen (Version 2026-06-30)
2026-07-05 22:41:47,756 WARN [scheduler-2] com.mustertech.shop.cart.CartService - Artikel MT-35051 hat negativen Sicherheitsbestand, prüfe Nachbestellung
2026-07-05 22:42:07,216 DEBUG [main] com.mustertech.shop.order.OrderController - Preisberechnung für Warenkorb w-13723: 4 Positionen, 2 Rabattregeln angewendet
2026-07-05 22:44:40,132 DEBUG [scheduler-2] com.mustertech.shop.order.OrderController - Preisberechnung für Warenkorb w-2856: 4 Positionen, 2 Rabattregeln angewendet
2026-07-05 22:45:04,025 INFO [kafka-listener-0] com.mustertech.shop.catalog.ProductService - Kundenkonto k-96335 angemeldet
2026-07-05 22:45:55,114 INFO [http-nio-8080-exec-7] com.mustertech.shop.payment.PaymentClient - Bestellung B-2026-491805 an Versanddienstleister übergeben
2026-07-05 22:48:25,443 INFO [kafka-listener-0] com.mustertech.shop.payment.PaymentClient - Lagerbestand für Artikel MT-15867 aktualisiert: 42 -> 41
2026-07-05 22:49:07,411 INFO [scheduler-2] com.mustertech.shop.order.OrderController - Zahlung für Bestellung B-2026-934909 autorisiert (PSP-Referenz psp_42186013)
2026-07-05 22:50:39,318 INFO [main] com.mustertech.shop.config.CacheWarmup - Kundenkonto k-83499 angemeldet
2026-07-05 22:51:01,671 INFO [http-nio-8080-exec-1] com.mustertech.shop.order.OrderService - Warenkorb w-96952 zusammengeführt nach Login
2026-07-05 22:53:28,018 INFO [http-nio-8080-exec-7] com.mustertech.shop.order.OrderController - Warenkorb w-88155 zusammengeführt nach Login
2026-07-05 22:55:48,888 INFO [http-nio-8080-exec-1] com.mustertech.shop.cart.CartService - Bestellung B-2026-820783 an Versanddienstleister übergeben
2026-07-05 22:58:17,123 INFO [http-nio-8080-exec-7] com.mustertech.shop.catalog.ProductService - Bestellung B-2026-591264 erfolgreich angelegt (3 Positionen, Summe 249,90 EUR)
2026-07-05 22:59:11,639 INFO [http-nio-8080-exec-1] com.mustertech.shop.catalog.ProductService - Bestellung B-2026-477431 erfolgreich angelegt (3 Positionen, Summe 249,90 EUR)
2026-07-05 23:00:09,846 WARN [scheduler-2] com.mustertech.shop.cart.CartService - Cache-Miss-Rate über 40% in den letzten 5 Minuten
2026-07-05 23:01:35,072 INFO [main] com.mustertech.shop.payment.PaymentClient - Bestellung B-2026-129623 an Versanddienstleister übergeben
2026-07-05 23:03:40,175 INFO [http-nio-8080-exec-4] com.mustertech.shop.payment.PaymentClient - Warenkorb w-34973 zusammengeführt nach Login
2026-07-05 23:06:13,561 INFO [main] com.mustertech.shop.catalog.ProductService - Bestellung B-2026-241193 erfolgreich angelegt (3 Positionen, Summe 249,90 EUR)
2026-07-05 23:06:33,443 INFO [scheduler-2] com.mustertech.shop.order.OrderService - Lagerbestand für Artikel MT-37606 aktualisiert: 42 -> 41
2026-07-05 23:07:13,617 INFO [http-nio-8080-exec-4] com.mustertech.shop.cart.CartService - Lagerbestand für Artikel MT-27582 aktualisiert: 42 -> 41
2026-07-05 23:09:14,741 WARN [kafka-listener-0] com.mustertech.shop.catalog.ProductService - Langsame Datenbankabfrage: findOrdersByCustomer dauerte 2841 ms (Schwellwert 1000 ms)
2026-07-05 23:10:07,637 INFO [http-nio-8080-exec-1] com.mustertech.shop.config.CacheWarmup - Warenkorb w-45215 zusammengeführt nach Login
2026-07-05 23:12:35,341 WARN [main] com.mustertech.shop.order.OrderController - Cache-Miss-Rate über 40% in den letzten 5 Minuten
2026-07-05 23:13:19,881 INFO [kafka-listener-0] com.mustertech.shop.order.OrderService - Warenkorb w-13481 zusammengeführt nach Login
2026-07-05 23:15:52,862 INFO [main] com.mustertech.shop.catalog.ProductService - Zahlung für Bestellung B-2026-387734 autorisiert (PSP-Referenz psp_58894981)
2026-07-05 23:17:23,373 INFO [http-nio-8080-exec-7] com.mustertech.shop.payment.PaymentClient - Zahlung für Bestellung B-2026-922124 autorisiert (PSP-Referenz psp_72216226)
2026-07-05 23:18:17,753 DEBUG [http-nio-8080-exec-7] com.mustertech.shop.inventory.StockChecker - Preisberechnung für Warenkorb w-16234: 4 Positionen, 2 Rabattregeln angewendet
2026-07-05 23:20:33,751 INFO [scheduler-2] com.mustertech.shop.order.OrderService - Zahlung für Bestellung B-2026-562339 autorisiert (PSP-Referenz psp_53487500)
2026-07-05 23:21:51,662 INFO [scheduler-2] com.mustertech.shop.config.CacheWarmup - Zahlung für Bestellung B-2026-913670 autorisiert (PSP-Referenz psp_58992623)
2026-07-05 23:23:05,050 ERROR [http-nio-8080-exec-7] com.mustertech.shop.order.OrderService - Datenbankverbindung fehlgeschlagen, Transaktion wird zurückgerollt
org.springframework.dao.DataAccessResourceFailureException: Unable to acquire JDBC Connection
	at org.springframework.orm.jpa.vendor.HibernateJpaDialect.convertHibernateAccessException(HibernateJpaDialect.java:275)
	at com.mustertech.shop.order.OrderRepository.save(OrderRepository.java:44)
	at com.mustertech.shop.order.OrderService.placeOrder(OrderService.java:110)
Caused by: java.sql.SQLTransientConnectionException: HikariPool-1 - Connection is not available, request timed out after 30000ms
	at com.zaxxer.hikari.pool.HikariPool.createTimeoutException(HikariPool.java:696)
	at com.zaxxer.hikari.HikariDataSource.getConnection(HikariDataSource.java:181)
	... 12 more
Caused by: java.net.ConnectException: Connection refused
	at java.base/sun.nio.ch.Net.pollConnect(Native Method)
	at java.base/java.net.Socket.connect(Socket.java:751)
	... 18 more
2026-07-05 23:23:57,721 INFO [scheduler-2] com.mustertech.shop.config.CacheWarmup - Produktkatalog-Cache aktualisiert: 12841 Artikel in 3421 ms
2026-07-05 23:25:29,859 INFO [kafka-listener-0] com.mustertech.shop.order.OrderController - Lagerbestand für Artikel MT-32990 aktualisiert: 42 -> 41
2026-07-05 23:25:59,135 INFO [kafka-listener-0] com.mustertech.shop.inventory.StockChecker - Lagerbestand für Artikel MT-14644 aktualisiert: 42 -> 41
2026-07-05 23:26:47,950 WARN [http-nio-8080-exec-1] com.mustertech.shop.payment.PaymentClient - Cache-Miss-Rate über 40% in den letzten 5 Minuten
2026-07-05 23:29:09,657 INFO [http-nio-8080-exec-4] com.mustertech.shop.payment.PaymentClient - Empfehlungsmodell neu geladen (Version 2026-06-30)
2026-07-05 23:29:37,997 INFO [main] com.mustertech.shop.catalog.ProductService - Lagerbestand für Artikel MT-15338 aktualisiert: 42 -> 41
2026-07-05 23:31:15,685 INFO [kafka-listener-0] com.mustertech.shop.inventory.StockChecker - Produktkatalog-Cache aktualisiert: 12841 Artikel in 3421 ms
2026-07-05 23:31:33,279 INFO [scheduler-2] com.mustertech.shop.payment.PaymentClient - Produktkatalog-Cache aktualisiert: 12841 Artikel in 3421 ms
2026-07-05 23:33:20,428 INFO [http-nio-8080-exec-1] com.mustertech.shop.order.OrderController - Bestellung B-2026-563633 erfolgreich angelegt (3 Positionen, Summe 249,90 EUR)
2026-07-05 23:33:59,331 INFO [http-nio-8080-exec-4] com.mustertech.shop.order.OrderService - Kundenkonto k-76227 angemeldet
2026-07-05 23:35:23,129 INFO [http-nio-8080-exec-1] com.mustertech.shop.order.OrderController - Bestellung B-2026-416629 an Versanddienstleister übergeben
2026-07-05 23:36:55,634 INFO [http-nio-8080-exec-1] com.mustertech.shop.cart.CartService - Bestellung B-2026-869904 an Versanddienstleister übergeben
2026-07-05 23:39:26,754 INFO [main] com.mustertech.shop.cart.CartService - Lagerbestand für Artikel MT-34291 aktualisiert: 42 -> 41
2026-07-05 23:41:22,719 INFO [main] com.mustertech.shop.config.CacheWarmup - Empfehlungsmodell neu geladen (Version 2026-06-30)
2026-07-05 23:43:32,513 INFO [main] com.mustertech.shop.order.OrderService - Empfehlungsmodell neu geladen (Version 2026-06-30)
2026-07-05 23:45:02,773 WARN [scheduler-2] com.mustertech.shop.payment.PaymentClient - Langsame Datenbankabfrage: findOrdersByCustomer dauerte 2841 ms (Schwellwert 1000 ms)
2026-07-05 23:46:06,419 WARN [http-nio-8080-exec-4] com.mustertech.shop.catalog.ProductService - Langsame Datenbankabfrage: findOrdersByCustomer dauerte 2841 ms (Schwellwert 1000 ms)
2026-07-05 23:47:39,217 WARN [kafka-listener-0] com.mustertech.shop.config.CacheWarmup - Deprecation: Endpoint /api/v0/produkte wird am 30.09. abgeschaltet, Aufrufer 10.20.30.159
2026-07-05 23:49:38,519 INFO [kafka-listener-0] com.mustertech.shop.catalog.ProductService - Empfehlungsmodell neu geladen (Version 2026-06-30)
2026-07-05 23:52:12,773 INFO [http-nio-8080-exec-7] com.mustertech.shop.order.OrderService - Empfehlungsmodell neu geladen (Version 2026-06-30)
2026-07-05 23:53:25,383 INFO [main] com.mustertech.shop.order.OrderController - Empfehlungsmodell neu geladen (Version 2026-06-30)
2026-07-05 23:54:28,505 WARN [http-nio-8080-exec-4] com.mustertech.shop.order.OrderService - Cache-Miss-Rate über 40% in den letzten 5 Minuten
2026-07-05 23:56:42,846 INFO [scheduler-2] com.mustertech.shop.order.OrderService - Produktkatalog-Cache aktualisiert: 12841 Artikel in 3421 ms
2026-07-05 23:57:37,364 WARN [scheduler-2] com.mustertech.shop.order.OrderService - Deprecation: Endpoint /api/v0/produkte wird am 30.09. abgeschaltet, Aufrufer 10.20.30.219
2026-07-05 23:58:24,989 INFO [http-nio-8080-exec-4] com.mustertech.shop.config.CacheWarmup - Empfehlungsmodell neu geladen (Version 2026-06-30)
2026-07-05 23:59:10,581 INFO [scheduler-2] com.mustertech.shop.order.OrderService - Bestellung B-2026-489364 erfolgreich angelegt (3 Positionen, Summe 249,90 EUR)
2026-07-06 00:00:19,696 INFO [http-nio-8080-exec-1] com.mustertech.shop.order.OrderService - Bestellung B-2026-351612 erfolgreich angelegt (3 Positionen, Summe 249,90 EUR)
2026-07-06 00:01:47,371 INFO [scheduler-2] com.mustertech.shop.config.CacheWarmup - Bestellung B-2026-844871 erfolgreich angelegt (3 Positionen, Summe 249,90 EUR)
2026-07-06 00:03:34,149 INFO [http-nio-8080-exec-1] com.mustertech.shop.payment.PaymentClient - Warenkorb w-94304 zusammengeführt nach Login
2026-07-06 00:04:19,972 INFO [http-nio-8080-exec-7] com.mustertech.shop.payment.PaymentClient - Empfehlungsmodell neu geladen (Version 2026-06-30)
2026-07-06 00:05:04,991 INFO [scheduler-2] com.mustertech.shop.cart.CartService - Produktkatalog-Cache aktualisiert: 12841 Artikel in 3421 ms
2026-07-06 00:07:20,580 INFO [http-nio-8080-exec-4] com.mustertech.shop.inventory.StockChecker - Empfehlungsmodell neu geladen (Version 2026-06-30)
2026-07-06 00:08:44,689 INFO [http-nio-8080-exec-7] com.mustertech.shop.payment.PaymentClient - Kundenkonto k-62122 angemeldet
2026-07-06 00:09:02,845 INFO [main] com.mustertech.shop.order.OrderService - Empfehlungsmodell neu geladen (Version 2026-06-30)
2026-07-06 00:11:26,341 INFO [http-nio-8080-exec-4] com.mustertech.shop.inventory.StockChecker - Zahlung für Bestellung B-2026-814699 autorisiert (PSP-Referenz psp_48458271)
2026-07-06 00:13:45,732 INFO [main] com.mustertech.shop.order.OrderService - Warenkorb w-57565 zusammengeführt nach Login
2026-07-06 00:14:58,150 INFO [scheduler-2] com.mustertech.shop.order.OrderService - Produktkatalog-Cache aktualisiert: 12841 Artikel in 3421 ms
2026-07-06 00:15:20,442 INFO [http-nio-8080-exec-4] com.mustertech.shop.payment.PaymentClient - Produktkatalog-Cache aktualisiert: 12841 Artikel in 3421 ms
2026-07-06 00:15:44,769 INFO [kafka-listener-0] com.mustertech.shop.config.CacheWarmup - Zahlung für Bestellung B-2026-696759 autorisiert (PSP-Referenz psp_20151064)
2026-07-06 00:18:13,776 INFO [http-nio-8080-exec-4] com.mustertech.shop.order.OrderController - Bestellung B-2026-764805 erfolgreich angelegt (3 Positionen, Summe 249,90 EUR)
2026-07-06 00:20:22,588 INFO [http-nio-8080-exec-4] com.mustertech.shop.cart.CartService - Lagerbestand für Artikel MT-21104 aktualisiert: 42 -> 41
2026-07-06 00:21:57,722 ERROR [http-nio-8080-exec-7] com.mustertech.shop.order.OrderService - Datenbankverbindung fehlgeschlagen, Transaktion wird zurückgerollt
org.springframework.dao.DataAccessResourceFailureException: Unable to acquire JDBC Connection
	at org.springframework.orm.jpa.vendor.HibernateJpaDialect.convertHibernateAccessException(HibernateJpaDialect.java:275)
	at com.mustertech.shop.order.OrderRepository.save(OrderRepository.java:44)
	at com.mustertech.shop.order.OrderService.placeOrder(OrderService.java:110)
Caused by: java.sql.SQLTransientConnectionException: HikariPool-1 - Connection is not available, request timed out after 30000ms
	at com.zaxxer.hikari.pool.HikariPool.createTimeoutException(HikariPool.java:696)
	at com.zaxxer.hikari.HikariDataSource.getConnection(HikariDataSource.java:181)
	... 12 more
Caused by: java.net.ConnectException: Connection refused
	at java.base/sun.nio.ch.Net.pollConnect(Native Method)
	at java.base/java.net.Socket.connect(Socket.java:751)
	... 18 more
2026-07-06 00:24:14,095 INFO [http-nio-8080-exec-4] com.mustertech.shop.order.OrderController - Empfehlungsmodell neu geladen (Version 2026-06-30)
2026-07-06 00:24:49,514 INFO [scheduler-2] com.mustertech.shop.inventory.StockChecker - Bestellung B-2026-653457 erfolgreich angelegt (3 Positionen, Summe 249,90 EUR)
2026-07-06 00:26:08,418 INFO [http-nio-8080-exec-7] com.mustertech.shop.order.OrderService - Empfehlungsmodell neu geladen (Version 2026-06-30)
2026-07-06 00:27:30,397 INFO [http-nio-8080-exec-4] com.mustertech.shop.config.CacheWarmup - Lagerbestand für Artikel MT-17652 aktualisiert: 42 -> 41
2026-07-06 00:27:59,128 DEBUG [kafka-listener-0] com.mustertech.shop.payment.PaymentClient - Preisberechnung für Warenkorb w-69105: 4 Positionen, 2 Rabattregeln angewendet
2026-07-06 00:28:41,010 INFO [http-nio-8080-exec-1] com.mustertech.shop.payment.PaymentClient - Bestellung B-2026-157058 an Versanddienstleister übergeben
2026-07-06 00:30:32,833 INFO [http-nio-8080-exec-1] com.mustertech.shop.payment.PaymentClient - Bestellung B-2026-289449 erfolgreich angelegt (3 Positionen, Summe 249,90 EUR)
2026-07-06 00:31:05,727 INFO [kafka-listener-0] com.mustertech.shop.cart.CartService - Empfehlungsmodell neu geladen (Version 2026-06-30)
2026-07-06 00:32:56,021 INFO [http-nio-8080-exec-4] com.mustertech.shop.inventory.StockChecker - Empfehlungsmodell neu geladen (Version 2026-06-30)
2026-07-06 00:34:58,089 INFO [kafka-listener-0] com.mustertech.shop.cart.CartService - Zahlung für Bestellung B-2026-752482 autorisiert (PSP-Referenz psp_94438955)
2026-07-06 00:36:41,521 INFO [http-nio-8080-exec-7] com.mustertech.shop.order.OrderService - Empfehlungsmodell neu geladen (Version 2026-06-30)
2026-07-06 00:38:06,852 INFO [http-nio-8080-exec-4] com.mustertech.shop.order.OrderService - Zahlung für Bestellung B-2026-758220 autorisiert (PSP-Referenz psp_47459486)
2026-07-06 00:40:08,614 INFO [kafka-listener-0] com.mustertech.shop.cart.CartService - Produktkatalog-Cache aktualisiert: 12841 Artikel in 3421 ms
2026-07-06 00:42:06,387 DEBUG [http-nio-8080-exec-7] com.mustertech.shop.cart.CartService - Preisberechnung für Warenkorb w-80130: 4 Positionen, 2 Rabattregeln angewendet
2026-07-06 00:44:15,234 INFO [kafka-listener-0] com.mustertech.shop.order.OrderService - Lagerbestand für Artikel MT-37409 aktualisiert: 42 -> 41
2026-07-06 00:44:36,854 INFO [http-nio-8080-exec-4] com.mustertech.shop.config.CacheWarmup - Produktkatalog-Cache aktualisiert: 12841 Artikel in 3421 ms
2026-07-06 00:47:08,328 INFO [http-nio-8080-exec-1] com.mustertech.shop.order.OrderService - Zahlung für Bestellung B-2026-290040 autorisiert (PSP-Referenz psp_86049663)
2026-07-06 00:47:47,490 WARN [kafka-listener-0] com.mustertech.shop.catalog.ProductService - Langsame Datenbankabfrage: findOrdersByCustomer dauerte 2841 ms (Schwellwert 1000 ms)
2026-07-06 00:49:54,623 INFO [scheduler-2] com.mustertech.shop.catalog.ProductService - Warenkorb w-90391 zusammengeführt nach Login
2026-07-06 00:51:49,480 WARN [http-nio-8080-exec-4] com.mustertech.shop.cart.CartService - Artikel MT-35814 hat negativen Sicherheitsbestand, prüfe Nachbestellung
2026-07-06 00:53:37,851 ERROR [main] com.mustertech.shop.order.OrderService - Bestellung B-2026-676919 konnte nicht abgeschlossen werden: Zahlungsanbieter meldet Fehler 502
2026-07-06 00:55:38,744 ERROR [main] com.mustertech.shop.cart.CartService - Bestellung B-2026-782953 konnte nicht abgeschlossen werden: Zahlungsanbieter meldet Fehler 502
2026-07-06 00:57:01,110 INFO [http-nio-8080-exec-4] com.mustertech.shop.order.OrderService - Produktkatalog-Cache aktualisiert: 12841 Artikel in 3421 ms
2026-07-06 00:57:49,727 WARN [kafka-listener-0] com.mustertech.shop.catalog.ProductService - Retry 2/3 für PSP-Aufruf, vorheriger Versuch mit Timeout nach 5000 ms
2026-07-06 00:58:09,891 INFO [http-nio-8080-exec-4] com.mustertech.shop.order.OrderController - Empfehlungsmodell neu geladen (Version 2026-06-30)
2026-07-06 00:59:38,479 INFO [main] com.mustertech.shop.cart.CartService - Produktkatalog-Cache aktualisiert: 12841 Artikel in 3421 ms
2026-07-06 01:01:40,387 INFO [scheduler-2] com.mustertech.shop.inventory.StockChecker - Lagerbestand für Artikel MT-29339 aktualisiert: 42 -> 41
2026-07-06 01:03:38,231 DEBUG [scheduler-2] com.mustertech.shop.order.OrderService - Preisberechnung für Warenkorb w-31106: 4 Positionen, 2 Rabattregeln angewendet
2026-07-06 01:05:48,926 INFO [kafka-listener-0] com.mustertech.shop.order.OrderController - Kundenkonto k-37972 angemeldet
2026-07-06 01:06:30,151 INFO [http-nio-8080-exec-4] com.mustertech.shop.inventory.StockChecker - Kundenkonto k-45716 angemeldet
2026-07-06 01:08:06,525 WARN [http-nio-8080-exec-1] com.mustertech.shop.inventory.StockChecker - Artikel MT-26570 hat negativen Sicherheitsbestand, prüfe Nachbestellung
2026-07-06 01:10:36,330 INFO [http-nio-8080-exec-1] com.mustertech.shop.payment.PaymentClient - Lagerbestand für Artikel MT-29212 aktualisiert: 42 -> 41
2026-07-06 01:12:18,673 INFO [kafka-listener-0] com.mustertech.shop.payment.PaymentClient - Zahlung für Bestellung B-2026-674984 autorisiert (PSP-Referenz psp_56222015)
2026-07-06 01:13:05,294 ERROR [http-nio-8080-exec-4] com.mustertech.shop.order.OrderService - Datenbankverbindung fehlgeschlagen, Transaktion wird zurückgerollt
org.springframework.dao.DataAccessResourceFailureException: Unable to acquire JDBC Connection
	at org.springframework.orm.jpa.vendor.HibernateJpaDialect.convertHibernateAccessException(HibernateJpaDialect.java:275)
	at com.mustertech.shop.order.OrderRepository.save(OrderRepository.java:44)
	at com.mustertech.shop.order.OrderService.placeOrder(OrderService.java:110)
Caused by: java.sql.SQLTransientConnectionException: HikariPool-1 - Connection is not available, request timed out after 30000ms
	at com.zaxxer.hikari.pool.HikariPool.createTimeoutException(HikariPool.java:696)
	at com.zaxxer.hikari.HikariDataSource.getConnection(HikariDataSource.java:181)
	... 12 more
Caused by: java.net.ConnectException: Connection refused
	at java.base/sun.nio.ch.Net.pollConnect(Native Method)
	at java.base/java.net.Socket.connect(Socket.java:751)
	... 18 more
2026-07-06 01:14:43,468 INFO [http-nio-8080-exec-1] com.mustertech.shop.order.OrderService - Warenkorb w-60224 zusammengeführt nach Login
2026-07-06 01:15:54,093 INFO [http-nio-8080-exec-7] com.mustertech.shop.order.OrderService - Lagerbestand für Artikel MT-31133 aktualisiert: 42 -> 41
2026-07-06 01:16:43,162 INFO [http-nio-8080-exec-4] com.mustertech.shop.inventory.StockChecker - Zahlung für Bestellung B-2026-968524 autorisiert (PSP-Referenz psp_78710951)
2026-07-06 01:17:23,668 INFO [http-nio-8080-exec-1] com.mustertech.shop.catalog.ProductService - Kundenkonto k-40251 angemeldet
2026-07-06 01:18:14,626 INFO [http-nio-8080-exec-4] com.mustertech.shop.inventory.StockChecker - Produktkatalog-Cache aktualisiert: 12841 Artikel in 3421 ms
2026-07-06 01:18:42,908 INFO [http-nio-8080-exec-4] com.mustertech.shop.cart.CartService - Bestellung B-2026-471247 erfolgreich angelegt (3 Positionen, Summe 249,90 EUR)
2026-07-06 01:20:08,707 INFO [http-nio-8080-exec-4] com.mustertech.shop.order.OrderController - Produktkatalog-Cache aktualisiert: 12841 Artikel in 3421 ms
2026-07-06 01:21:00,572 INFO [scheduler-2] com.mustertech.shop.catalog.ProductService - Empfehlungsmodell neu geladen (Version 2026-06-30)
2026-07-06 01:21:49,512 INFO [http-nio-8080-exec-1] com.mustertech.shop.config.CacheWarmup - Lagerbestand für Artikel MT-19309 aktualisiert: 42 -> 41
2026-07-06 01:22:26,992 DEBUG [scheduler-2] com.mustertech.shop.inventory.StockChecker - Preisberechnung für Warenkorb w-40683: 4 Positionen, 2 Rabattregeln angewendet
2026-07-06 01:23:52,021 WARN [scheduler-2] com.mustertech.shop.inventory.StockChecker - Deprecation: Endpoint /api/v0/produkte wird am 30.09. abgeschaltet, Aufrufer 10.20.30.197
2026-07-06 01:26:06,282 INFO [scheduler-2] com.mustertech.shop.inventory.StockChecker - Bestellung B-2026-767401 erfolgreich angelegt (3 Positionen, Summe 249,90 EUR)
2026-07-06 01:26:56,937 INFO [scheduler-2] com.mustertech.shop.catalog.ProductService - Bestellung B-2026-243112 an Versanddienstleister übergeben
2026-07-06 01:29:31,176 DEBUG [scheduler-2] com.mustertech.shop.order.OrderController - Preisberechnung für Warenkorb w-49170: 4 Positionen, 2 Rabattregeln angewendet
2026-07-06 01:31:42,997 ERROR [kafka-listener-0] com.mustertech.shop.inventory.StockChecker - Bestellung B-2026-560973 konnte nicht abgeschlossen werden: Zahlungsanbieter meldet Fehler 502
2026-07-06 01:33:46,920 INFO [scheduler-2] com.mustertech.shop.payment.PaymentClient - Produktkatalog-Cache aktualisiert: 12841 Artikel in 3421 ms
2026-07-06 01:35:06,425 WARN [kafka-listener-0] com.mustertech.shop.payment.PaymentClient - Deprecation: Endpoint /api/v0/produkte wird am 30.09. abgeschaltet, Aufrufer 10.20.30.159
2026-07-06 01:36:42,647 INFO [http-nio-8080-exec-4] com.mustertech.shop.inventory.StockChecker - Bestellung B-2026-469917 erfolgreich angelegt (3 Positionen, Summe 249,90 EUR)
2026-07-06 01:38:33,252 INFO [http-nio-8080-exec-1] com.mustertech.shop.catalog.ProductService - Bestellung B-2026-355373 an Versanddienstleister übergeben
2026-07-06 01:39:50,920 INFO [http-nio-8080-exec-4] com.mustertech.shop.payment.PaymentClient - Produktkatalog-Cache aktualisiert: 12841 Artikel in 3421 ms
2026-07-06 01:41:04,972 INFO [kafka-listener-0] com.mustertech.shop.order.OrderController - Bestellung B-2026-223496 an Versanddienstleister übergeben
2026-07-06 01:42:50,661 INFO [http-nio-8080-exec-1] com.mustertech.shop.config.CacheWarmup - Lagerbestand für Artikel MT-25859 aktualisiert: 42 -> 41
2026-07-06 01:44:36,906 INFO [http-nio-8080-exec-4] com.mustertech.shop.order.OrderService - Kundenkonto k-6042 angemeldet
2026-07-06 01:45:32,784 INFO [http-nio-8080-exec-4] com.mustertech.shop.order.OrderController - Warenkorb w-60564 zusammengeführt nach Login
2026-07-06 01:45:51,258 INFO [http-nio-8080-exec-7] com.mustertech.shop.cart.CartService - Lagerbestand für Artikel MT-32815 aktualisiert: 42 -> 41
2026-07-06 01:46:31,566 INFO [kafka-listener-0] com.mustertech.shop.inventory.StockChecker - Kundenkonto k-55610 angemeldet
2026-07-06 01:47:53,721 ERROR [http-nio-8080-exec-1] com.mustertech.shop.order.OrderService - Unerwarteter Fehler bei Bestellung B-2026-681425
java.lang.NullPointerException: Cannot invoke "com.mustertech.shop.customer.Address.getZipCode()" because the return value of "com.mustertech.shop.customer.Customer.getShippingAddress()" is null
	at com.mustertech.shop.order.OrderService.calculateShipping(OrderService.java:187)
	at com.mustertech.shop.order.OrderService.placeOrder(OrderService.java:102)
	at com.mustertech.shop.order.OrderController.create(OrderController.java:58)
	at jdk.internal.reflect.DirectMethodHandleAccessor.invoke(DirectMethodHandleAccessor.java:103)
	at org.springframework.web.method.support.InvocableHandlerMethod.doInvoke(InvocableHandlerMethod.java:255)
	at org.apache.catalina.core.ApplicationFilterChain.doFilter(ApplicationFilterChain.java:166)
	at java.base/java.lang.Thread.run(Thread.java:1583)
2026-07-06 01:49:26,690 ERROR [http-nio-8080-exec-1] com.mustertech.shop.order.OrderService - Unerwarteter Fehler bei Bestellung B-2026-589528
java.lang.NullPointerException: Cannot invoke "com.mustertech.shop.customer.Address.getZipCode()" because the return value of "com.mustertech.shop.customer.Customer.getShippingAddress()" is null
	at com.mustertech.shop.order.OrderService.calculateShipping(OrderService.java:187)
	at com.mustertech.shop.order.OrderService.placeOrder(OrderService.java:102)
	at com.mustertech.shop.order.OrderController.create(OrderController.java:58)
	at jdk.internal.reflect.DirectMethodHandleAccessor.invoke(DirectMethodHandleAccessor.java:103)
	at org.springframework.web.method.support.InvocableHandlerMethod.doInvoke(InvocableHandlerMethod.java:255)
	at org.apache.catalina.core.ApplicationFilterChain.doFilter(ApplicationFilterChain.java:166)
	at java.base/java.lang.Thread.run(Thread.java:1583)
2026-07-06 01:51:48,043 WARN [http-nio-8080-exec-4] com.mustertech.shop.cart.CartService - Cache-Miss-Rate über 40% in den letzten 5 Minuten
2026-07-06 01:53:32,263 INFO [kafka-listener-0] com.mustertech.shop.cart.CartService - Warenkorb w-71977 zusammengeführt nach Login
2026-07-06 01:55:45,063 INFO [http-nio-8080-exec-4] com.mustertech.shop.cart.CartService - Bestellung B-2026-533361 an Versanddienstleister übergeben
2026-07-06 01:57:30,830 WARN [http-nio-8080-exec-4] com.mustertech.shop.inventory.StockChecker - Retry 2/3 für PSP-Aufruf, vorheriger Versuch mit Timeout nach 5000 ms
2026-07-06 01:59:12,087 INFO [http-nio-8080-exec-7] com.mustertech.shop.catalog.ProductService - Bestellung B-2026-764795 erfolgreich angelegt (3 Positionen, Summe 249,90 EUR)
2026-07-06 02:00:44,744 WARN [http-nio-8080-exec-4] com.mustertech.shop.inventory.StockChecker - Retry 2/3 für PSP-Aufruf, vorheriger Versuch mit Timeout nach 5000 ms
2026-07-06 02:01:44,183 ERROR [main] com.mustertech.shop.order.OrderService - Unerwarteter Fehler bei Bestellung B-2026-345302
java.lang.NullPointerException: Cannot invoke "com.mustertech.shop.customer.Address.getZipCode()" because the return value of "com.mustertech.shop.customer.Customer.getShippingAddress()" is null
	at com.mustertech.shop.order.OrderService.calculateShipping(OrderService.java:187)
	at com.mustertech.shop.order.OrderService.placeOrder(OrderService.java:102)
	at com.mustertech.shop.order.OrderController.create(OrderController.java:58)
	at jdk.internal.reflect.DirectMethodHandleAccessor.invoke(DirectMethodHandleAccessor.java:103)
	at org.springframework.web.method.support.InvocableHandlerMethod.doInvoke(InvocableHandlerMethod.java:255)
	at org.apache.catalina.core.ApplicationFilterChain.doFilter(ApplicationFilterChain.java:166)
	at java.base/java.lang.Thread.run(Thread.java:1583)
2026-07-06 02:03:59,301 INFO [http-nio-8080-exec-4] com.mustertech.shop.payment.PaymentClient - Warenkorb w-75808 zusammengeführt nach Login
2026-07-06 02:05:10,296 INFO [main] com.mustertech.shop.order.OrderService - Warenkorb w-89418 zusammengeführt nach Login
2026-07-06 02:05:52,808 INFO [http-nio-8080-exec-1] com.mustertech.shop.order.OrderService - Bestellung B-2026-629314 erfolgreich angelegt (3 Positionen, Summe 249,90 EUR)
2026-07-06 02:07:43,927 INFO [main] com.mustertech.shop.order.OrderService - Zahlung für Bestellung B-2026-108468 autorisiert (PSP-Referenz psp_61268985)
2026-07-06 02:08:40,526 INFO [main] com.mustertech.shop.order.OrderController - Warenkorb w-67675 zusammengeführt nach Login
2026-07-06 02:09:42,159 INFO [http-nio-8080-exec-4] com.mustertech.shop.payment.PaymentClient - Empfehlungsmodell neu geladen (Version 2026-06-30)
2026-07-06 02:11:45,773 INFO [http-nio-8080-exec-1] com.mustertech.shop.inventory.StockChecker - Lagerbestand für Artikel MT-29345 aktualisiert: 42 -> 41
2026-07-06 02:12:51,150 INFO [kafka-listener-0] com.mustertech.shop.order.OrderService - Bestellung B-2026-399992 an Versanddienstleister übergeben
2026-07-06 02:14:00,972 INFO [main] com.mustertech.shop.cart.CartService - Produktkatalog-Cache aktualisiert: 12841 Artikel in 3421 ms
2026-07-06 02:16:15,881 INFO [http-nio-8080-exec-7] com.mustertech.shop.inventory.StockChecker - Empfehlungsmodell neu geladen (Version 2026-06-30)
2026-07-06 02:17:35,522 INFO [http-nio-8080-exec-7] com.mustertech.shop.order.OrderController - Empfehlungsmodell neu geladen (Version 2026-06-30)
2026-07-06 02:19:12,697 INFO [http-nio-8080-exec-1] com.mustertech.shop.order.OrderController - Bestellung B-2026-303182 an Versanddienstleister übergeben
2026-07-06 02:20:05,523 INFO [http-nio-8080-exec-4] com.mustertech.shop.catalog.ProductService - Empfehlungsmodell neu geladen (Version 2026-06-30)
2026-07-06 02:21:54,716 INFO [http-nio-8080-exec-7] com.mustertech.shop.catalog.ProductService - Empfehlungsmodell neu geladen (Version 2026-06-30)
2026-07-06 02:24:20,773 INFO [http-nio-8080-exec-1] com.mustertech.shop.catalog.ProductService - Warenkorb w-14876 zusammengeführt nach Login
2026-07-06 02:26:08,172 INFO [http-nio-8080-exec-1] com.mustertech.shop.order.OrderService - Kundenkonto k-87697 angemeldet
2026-07-06 02:26:56,089 WARN [http-nio-8080-exec-7] com.mustertech.shop.order.OrderService - Retry 2/3 für PSP-Aufruf, vorheriger Versuch mit Timeout nach 5000 ms
2026-07-06 02:28:45,016 INFO [scheduler-2] com.mustertech.shop.order.OrderController - Produktkatalog-Cache aktualisiert: 12841 Artikel in 3421 ms
2026-07-06 02:30:19,279 WARN [scheduler-2] com.mustertech.shop.order.OrderService - Retry 2/3 für PSP-Aufruf, vorheriger Versuch mit Timeout nach 5000 ms
2026-07-06 02:32:39,219 INFO [http-nio-8080-exec-1] com.mustertech.shop.inventory.StockChecker - Bestellung B-2026-303406 erfolgreich angelegt (3 Positionen, Summe 249,90 EUR)
2026-07-06 02:33:51,169 INFO [scheduler-2] com.mustertech.shop.cart.CartService - Bestellung B-2026-499835 an Versanddienstleister übergeben
2026-07-06 02:35:31,799 WARN [main] com.mustertech.shop.order.OrderService - Deprecation: Endpoint /api/v0/produkte wird am 30.09. abgeschaltet, Aufrufer 10.20.30.56
2026-07-06 02:36:50,271 INFO [http-nio-8080-exec-4] com.mustertech.shop.cart.CartService - Bestellung B-2026-767556 an Versanddienstleister übergeben
2026-07-06 02:37:31,726 INFO [http-nio-8080-exec-1] com.mustertech.shop.payment.PaymentClient - Warenkorb w-65950 zusammengeführt nach Login
2026-07-06 02:39:15,607 INFO [scheduler-2] com.mustertech.shop.config.CacheWarmup - Bestellung B-2026-173748 an Versanddienstleister übergeben
2026-07-06 02:41:21,078 INFO [scheduler-2] com.mustertech.shop.catalog.ProductService - Empfehlungsmodell neu geladen (Version 2026-06-30)
2026-07-06 02:43:40,053 WARN [main] com.mustertech.shop.config.CacheWarmup - Retry 2/3 für PSP-Aufruf, vorheriger Versuch mit Timeout nach 5000 ms
2026-07-06 02:44:43,425 INFO [http-nio-8080-exec-4] com.mustertech.shop.catalog.ProductService - Zahlung für Bestellung B-2026-340205 autorisiert (PSP-Referenz psp_25550231)
2026-07-06 02:46:47,284 INFO [http-nio-8080-exec-4] com.mustertech.shop.order.OrderService - Zahlung für Bestellung B-2026-321133 autorisiert (PSP-Referenz psp_18512197)
2026-07-06 02:48:20,019 INFO [scheduler-2] com.mustertech.shop.cart.CartService - Warenkorb w-71140 zusammengeführt nach Login
2026-07-06 02:50:52,337 INFO [main] com.mustertech.shop.order.OrderController - Warenkorb w-5086 zusammengeführt nach Login
2026-07-06 02:52:16,925 INFO [http-nio-8080-exec-1] com.mustertech.shop.order.OrderService - Lagerbestand für Artikel MT-35456 aktualisiert: 42 -> 41
2026-07-06 02:53:18,792 INFO [http-nio-8080-exec-7] com.mustertech.shop.catalog.ProductService - Kundenkonto k-49311 angemeldet
2026-07-06 02:55:45,821 INFO [kafka-listener-0] com.mustertech.shop.inventory.StockChecker - Bestellung B-2026-783197 erfolgreich angelegt (3 Positionen, Summe 249,90 EUR)
2026-07-06 02:56:31,256 DEBUG [scheduler-2] com.mustertech.shop.order.OrderService - Preisberechnung für Warenkorb w-9076: 4 Positionen, 2 Rabattregeln angewendet
2026-07-06 02:58:36,815 INFO [http-nio-8080-exec-1] com.mustertech.shop.catalog.ProductService - Kundenkonto k-8866 angemeldet
2026-07-06 03:00:30,575 INFO [scheduler-2] com.mustertech.shop.inventory.StockChecker - Kundenkonto k-31027 angemeldet
2026-07-06 03:01:40,664 INFO [main] com.mustertech.shop.catalog.ProductService - Bestellung B-2026-623803 erfolgreich angelegt (3 Positionen, Summe 249,90 EUR)
2026-07-06 03:04:09,614 DEBUG [kafka-listener-0] com.mustertech.shop.config.CacheWarmup - Preisberechnung für Warenkorb w-88332: 4 Positionen, 2 Rabattregeln angewendet
2026-07-06 03:05:16,974 INFO [main] com.mustertech.shop.config.CacheWarmup - Bestellung B-2026-224849 an Versanddienstleister übergeben
2026-07-06 03:06:30,427 ERROR [kafka-listener-0] com.mustertech.shop.cart.CartService - Ungültige Anfrage abgewiesen
java.lang.IllegalArgumentException: Menge muss größer 0 sein, war: -2 (Artikel MT-25005)
	at com.mustertech.shop.cart.CartService.addItem(CartService.java:66)
	at com.mustertech.shop.cart.CartController.add(CartController.java:39)
	at java.base/java.lang.Thread.run(Thread.java:1583)
2026-07-06 03:07:35,923 INFO [http-nio-8080-exec-1] com.mustertech.shop.config.CacheWarmup - Zahlung für Bestellung B-2026-999675 autorisiert (PSP-Referenz psp_13778596)
2026-07-06 03:08:14,438 INFO [http-nio-8080-exec-7] com.mustertech.shop.cart.CartService - Bestellung B-2026-965834 erfolgreich angelegt (3 Positionen, Summe 249,90 EUR)
2026-07-06 03:09:46,257 INFO [http-nio-8080-exec-7] com.mustertech.shop.payment.PaymentClient - Empfehlungsmodell neu geladen (Version 2026-06-30)
2026-07-06 03:12:10,825 DEBUG [http-nio-8080-exec-4] com.mustertech.shop.payment.PaymentClient - Preisberechnung für Warenkorb w-76585: 4 Positionen, 2 Rabattregeln angewendet
2026-07-06 03:14:38,750 WARN [http-nio-8080-exec-7] com.mustertech.shop.inventory.StockChecker - Cache-Miss-Rate über 40% in den letzten 5 Minuten
2026-07-06 03:16:48,689 INFO [scheduler-2] com.mustertech.shop.payment.PaymentClient - Bestellung B-2026-886157 erfolgreich angelegt (3 Positionen, Summe 249,90 EUR)
2026-07-06 03:19:04,013 ERROR [main] com.mustertech.shop.order.OrderService - Unerwarteter Fehler bei Bestellung B-2026-816304
java.lang.NullPointerException: Cannot invoke "com.mustertech.shop.customer.Address.getZipCode()" because the return value of "com.mustertech.shop.customer.Customer.getShippingAddress()" is null
	at com.mustertech.shop.order.OrderService.calculateShipping(OrderService.java:187)
	at com.mustertech.shop.order.OrderService.placeOrder(OrderService.java:102)
	at com.mustertech.shop.order.OrderController.create(OrderController.java:58)
	at jdk.internal.reflect.DirectMethodHandleAccessor.invoke(DirectMethodHandleAccessor.java:103)
	at org.springframework.web.method.support.InvocableHandlerMethod.doInvoke(InvocableHandlerMethod.java:255)
	at org.apache.catalina.core.ApplicationFilterChain.doFilter(ApplicationFilterChain.java:166)
	at java.base/java.lang.Thread.run(Thread.java:1583)
2026-07-06 03:21:16,384 INFO [scheduler-2] com.mustertech.shop.payment.PaymentClient - Warenkorb w-50326 zusammengeführt nach Login
2026-07-06 03:22:29,913 INFO [http-nio-8080-exec-7] com.mustertech.shop.cart.CartService - Zahlung für Bestellung B-2026-998281 autorisiert (PSP-Referenz psp_75581781)
2026-07-06 03:24:32,705 INFO [http-nio-8080-exec-4] com.mustertech.shop.config.CacheWarmup - Warenkorb w-38145 zusammengeführt nach Login
2026-07-06 03:26:11,648 INFO [scheduler-2] com.mustertech.shop.catalog.ProductService - Bestellung B-2026-794470 erfolgreich angelegt (3 Positionen, Summe 249,90 EUR)
2026-07-06 03:28:32,472 ERROR [kafka-listener-0] com.mustertech.shop.payment.PaymentClient - PSP-Aufruf für Bestellung B-2026-424967 endgültig fehlgeschlagen (3/3 Versuche)
com.mustertech.shop.payment.PaymentException: Zahlungsanbieter nicht erreichbar
	at com.mustertech.shop.payment.PaymentClient.authorize(PaymentClient.java:93)
	at com.mustertech.shop.checkout.CheckoutService.completeOrder(CheckoutService.java:71)
Caused by: java.net.http.HttpTimeoutException: request timed out
	at java.net.http/jdk.internal.net.http.HttpClientImpl.send(HttpClientImpl.java:966)
	at com.mustertech.shop.payment.PaymentClient.doRequest(PaymentClient.java:141)
	... 9 more
2026-07-06 03:30:06,313 INFO [scheduler-2] com.mustertech.shop.order.OrderService - Bestellung B-2026-413332 an Versanddienstleister übergeben
2026-07-06 03:31:08,505 INFO [kafka-listener-0] com.mustertech.shop.catalog.ProductService - Warenkorb w-52379 zusammengeführt nach Login
2026-07-06 03:33:23,572 INFO [http-nio-8080-exec-7] com.mustertech.shop.order.OrderService - Zahlung für Bestellung B-2026-726758 autorisiert (PSP-Referenz psp_68549067)
2026-07-06 03:34:51,832 INFO [kafka-listener-0] com.mustertech.shop.inventory.StockChecker - Kundenkonto k-67753 angemeldet
2026-07-06 03:36:28,968 INFO [http-nio-8080-exec-4] com.mustertech.shop.order.OrderController - Empfehlungsmodell neu geladen (Version 2026-06-30)
2026-07-06 03:38:24,869 INFO [scheduler-2] com.mustertech.shop.order.OrderService - Bestellung B-2026-704371 an Versanddienstleister übergeben
2026-07-06 03:40:02,181 INFO [kafka-listener-0] com.mustertech.shop.payment.PaymentClient - Bestellung B-2026-293544 an Versanddienstleister übergeben
2026-07-06 03:41:05,680 DEBUG [kafka-listener-0] com.mustertech.shop.inventory.StockChecker - Preisberechnung für Warenkorb w-50397: 4 Positionen, 2 Rabattregeln angewendet
2026-07-06 03:43:01,475 INFO [scheduler-2] com.mustertech.shop.cart.CartService - Empfehlungsmodell neu geladen (Version 2026-06-30)
2026-07-06 03:43:51,497 INFO [http-nio-8080-exec-4] com.mustertech.shop.config.CacheWarmup - Lagerbestand für Artikel MT-19242 aktualisiert: 42 -> 41
2026-07-06 03:44:47,363 INFO [http-nio-8080-exec-4] com.mustertech.shop.config.CacheWarmup - Produktkatalog-Cache aktualisiert: 12841 Artikel in 3421 ms
2026-07-06 03:46:13,932 DEBUG [main] com.mustertech.shop.order.OrderService - Preisberechnung für Warenkorb w-11574: 4 Positionen, 2 Rabattregeln angewendet
2026-07-06 03:47:59,869 INFO [http-nio-8080-exec-7] com.mustertech.shop.inventory.StockChecker - Lagerbestand für Artikel MT-23327 aktualisiert: 42 -> 41
2026-07-06 03:50:13,172 INFO [http-nio-8080-exec-7] com.mustertech.shop.config.CacheWarmup - Bestellung B-2026-696200 erfolgreich angelegt (3 Positionen, Summe 249,90 EUR)
2026-07-06 03:51:24,511 INFO [http-nio-8080-exec-1] com.mustertech.shop.config.CacheWarmup - Bestellung B-2026-663391 an Versanddienstleister übergeben
2026-07-06 03:52:28,013 INFO [http-nio-8080-exec-7] com.mustertech.shop.cart.CartService - Kundenkonto k-37695 angemeldet
2026-07-06 03:53:28,752 INFO [main] com.mustertech.shop.inventory.StockChecker - Zahlung für Bestellung B-2026-860204 autorisiert (PSP-Referenz psp_77163461)
2026-07-06 03:55:49,930 INFO [http-nio-8080-exec-4] com.mustertech.shop.cart.CartService - Bestellung B-2026-367411 erfolgreich angelegt (3 Positionen, Summe 249,90 EUR)
2026-07-06 03:58:13,887 INFO [http-nio-8080-exec-4] com.mustertech.shop.catalog.ProductService - Kundenkonto k-61147 angemeldet
2026-07-06 03:59:23,167 INFO [kafka-listener-0] com.mustertech.shop.config.CacheWarmup - Empfehlungsmodell neu geladen (Version 2026-06-30)
2026-07-06 04:00:32,379 INFO [scheduler-2] com.mustertech.shop.inventory.StockChecker - Produktkatalog-Cache aktualisiert: 12841 Artikel in 3421 ms
2026-07-06 04:01:51,657 INFO [http-nio-8080-exec-1] com.mustertech.shop.payment.PaymentClient - Bestellung B-2026-545385 an Versanddienstleister übergeben
2026-07-06 04:03:59,096 INFO [main] com.mustertech.shop.order.OrderService - Empfehlungsmodell neu geladen (Version 2026-06-30)
2026-07-06 04:05:44,060 INFO [kafka-listener-0] com.mustertech.shop.catalog.ProductService - Bestellung B-2026-910358 an Versanddienstleister übergeben
2026-07-06 04:06:50,720 INFO [http-nio-8080-exec-4] com.mustertech.shop.order.OrderController - Lagerbestand für Artikel MT-32030 aktualisiert: 42 -> 41
2026-07-06 04:09:04,366 INFO [http-nio-8080-exec-7] com.mustertech.shop.order.OrderService - Warenkorb w-94191 zusammengeführt nach Login
2026-07-06 04:10:33,758 INFO [main] com.mustertech.shop.order.OrderService - Empfehlungsmodell neu geladen (Version 2026-06-30)
2026-07-06 04:11:39,944 WARN [kafka-listener-0] com.mustertech.shop.order.OrderService - Retry 2/3 für PSP-Aufruf, vorheriger Versuch mit Timeout nach 5000 ms
2026-07-06 04:12:00,662 WARN [http-nio-8080-exec-7] com.mustertech.shop.order.OrderController - Retry 2/3 für PSP-Aufruf, vorheriger Versuch mit Timeout nach 5000 ms
2026-07-06 04:13:57,879 INFO [scheduler-2] com.mustertech.shop.inventory.StockChecker - Bestellung B-2026-114538 erfolgreich angelegt (3 Positionen, Summe 249,90 EUR)
2026-07-06 04:15:25,251 INFO [kafka-listener-0] com.mustertech.shop.inventory.StockChecker - Bestellung B-2026-223990 erfolgreich angelegt (3 Positionen, Summe 249,90 EUR)
2026-07-06 04:17:55,203 INFO [http-nio-8080-exec-7] com.mustertech.shop.inventory.StockChecker - Zahlung für Bestellung B-2026-857447 autorisiert (PSP-Referenz psp_88507521)
2026-07-06 04:19:10,468 INFO [http-nio-8080-exec-4] com.mustertech.shop.catalog.ProductService - Warenkorb w-73429 zusammengeführt nach Login
2026-07-06 04:21:13,807 INFO [main] com.mustertech.shop.catalog.ProductService - Kundenkonto k-35979 angemeldet
2026-07-06 04:22:29,849 INFO [http-nio-8080-exec-7] com.mustertech.shop.order.OrderController - Empfehlungsmodell neu geladen (Version 2026-06-30)
2026-07-06 04:23:40,159 INFO [http-nio-8080-exec-7] com.mustertech.shop.order.OrderService - Produktkatalog-Cache aktualisiert: 12841 Artikel in 3421 ms
2026-07-06 04:24:27,015 INFO [http-nio-8080-exec-4] com.mustertech.shop.inventory.StockChecker - Bestellung B-2026-938903 erfolgreich angelegt (3 Positionen, Summe 249,90 EUR)
2026-07-06 04:26:53,538 INFO [scheduler-2] com.mustertech.shop.inventory.StockChecker - Empfehlungsmodell neu geladen (Version 2026-06-30)
2026-07-06 04:28:27,025 INFO [http-nio-8080-exec-7] com.mustertech.shop.inventory.StockChecker - Lagerbestand für Artikel MT-21724 aktualisiert: 42 -> 41
2026-07-06 04:30:26,589 INFO [scheduler-2] com.mustertech.shop.order.OrderService - Empfehlungsmodell neu geladen (Version 2026-06-30)
2026-07-06 04:31:15,471 INFO [http-nio-8080-exec-7] com.mustertech.shop.inventory.StockChecker - Empfehlungsmodell neu geladen (Version 2026-06-30)
2026-07-06 04:31:52,401 INFO [http-nio-8080-exec-1] com.mustertech.shop.config.CacheWarmup - Warenkorb w-84044 zusammengeführt nach Login
2026-07-06 04:32:09,934 INFO [main] com.mustertech.shop.cart.CartService - Warenkorb w-83027 zusammengeführt nach Login
2026-07-06 04:34:35,080 INFO [http-nio-8080-exec-7] com.mustertech.shop.cart.CartService - Produktkatalog-Cache aktualisiert: 12841 Artikel in 3421 ms
2026-07-06 04:35:35,543 WARN [http-nio-8080-exec-4] com.mustertech.shop.catalog.ProductService - Langsame Datenbankabfrage: findOrdersByCustomer dauerte 2841 ms (Schwellwert 1000 ms)
2026-07-06 04:36:09,663 INFO [http-nio-8080-exec-4] com.mustertech.shop.payment.PaymentClient - Produktkatalog-Cache aktualisiert: 12841 Artikel in 3421 ms
2026-07-06 04:38:18,103 INFO [kafka-listener-0] com.mustertech.shop.order.OrderController - Bestellung B-2026-110136 an Versanddienstleister übergeben
2026-07-06 04:39:51,417 INFO [http-nio-8080-exec-7] com.mustertech.shop.order.OrderService - Produktkatalog-Cache aktualisiert: 12841 Artikel in 3421 ms
2026-07-06 04:40:36,663 WARN [http-nio-8080-exec-7] com.mustertech.shop.cart.CartService - Retry 2/3 für PSP-Aufruf, vorheriger Versuch mit Timeout nach 5000 ms
2026-07-06 04:42:12,867 INFO [main] com.mustertech.shop.order.OrderService - Empfehlungsmodell neu geladen (Version 2026-06-30)
2026-07-06 04:44:01,940 INFO [scheduler-2] com.mustertech.shop.inventory.StockChecker - Zahlung für Bestellung B-2026-640486 autorisiert (PSP-Referenz psp_48124321)
2026-07-06 04:44:45,559 DEBUG [scheduler-2] com.mustertech.shop.catalog.ProductService - Preisberechnung für Warenkorb w-80117: 4 Positionen, 2 Rabattregeln angewendet
2026-07-06 04:45:53,322 INFO [kafka-listener-0] com.mustertech.shop.config.CacheWarmup - Kundenkonto k-83248 angemeldet
2026-07-06 04:47:24,602 INFO [http-nio-8080-exec-7] com.mustertech.shop.config.CacheWarmup - Lagerbestand für Artikel MT-30469 aktualisiert: 42 -> 41
2026-07-06 04:49:11,628 WARN [http-nio-8080-exec-7] com.mustertech.shop.cart.CartService - Artikel MT-12284 hat negativen Sicherheitsbestand, prüfe Nachbestellung
2026-07-06 04:49:45,471 INFO [main] com.mustertech.shop.order.OrderService - Produktkatalog-Cache aktualisiert: 12841 Artikel in 3421 ms
2026-07-06 04:51:23,980 INFO [main] com.mustertech.shop.inventory.StockChecker - Zahlung für Bestellung B-2026-369189 autorisiert (PSP-Referenz psp_35748727)
2026-07-06 04:52:03,512 INFO [main] com.mustertech.shop.payment.PaymentClient - Zahlung für Bestellung B-2026-767335 autorisiert (PSP-Referenz psp_36614499)
2026-07-06 04:52:29,125 INFO [main] com.mustertech.shop.config.CacheWarmup - Kundenkonto k-33046 angemeldet
2026-07-06 04:53:04,983 INFO [http-nio-8080-exec-7] com.mustertech.shop.order.OrderController - Zahlung für Bestellung B-2026-516529 autorisiert (PSP-Referenz psp_93022090)
2026-07-06 04:54:26,653 INFO [http-nio-8080-exec-1] com.mustertech.shop.order.OrderService - Kundenkonto k-57651 angemeldet
2026-07-06 04:55:37,990 INFO [kafka-listener-0] com.mustertech.shop.payment.PaymentClient - Lagerbestand für Artikel MT-10204 aktualisiert: 42 -> 41
2026-07-06 04:57:17,567 WARN [http-nio-8080-exec-4] com.mustertech.shop.order.OrderController - Deprecation: Endpoint /api/v0/produkte wird am 30.09. abgeschaltet, Aufrufer 10.20.30.148
2026-07-06 04:59:29,192 INFO [scheduler-2] com.mustertech.shop.catalog.ProductService - Zahlung für Bestellung B-2026-906259 autorisiert (PSP-Referenz psp_24339945)
2026-07-06 05:00:36,649 INFO [http-nio-8080-exec-7] com.mustertech.shop.order.OrderController - Bestellung B-2026-684786 erfolgreich angelegt (3 Positionen, Summe 249,90 EUR)
2026-07-06 05:03:03,859 INFO [http-nio-8080-exec-1] com.mustertech.shop.cart.CartService - Produktkatalog-Cache aktualisiert: 12841 Artikel in 3421 ms
2026-07-06 05:04:22,778 ERROR [http-nio-8080-exec-1] com.mustertech.shop.order.OrderService - Datenbankverbindung fehlgeschlagen, Transaktion wird zurückgerollt
org.springframework.dao.DataAccessResourceFailureException: Unable to acquire JDBC Connection
	at org.springframework.orm.jpa.vendor.HibernateJpaDialect.convertHibernateAccessException(HibernateJpaDialect.java:275)
	at com.mustertech.shop.order.OrderRepository.save(OrderRepository.java:44)
	at com.mustertech.shop.order.OrderService.placeOrder(OrderService.java:110)
Caused by: java.sql.SQLTransientConnectionException: HikariPool-1 - Connection is not available, request timed out after 30000ms
	at com.zaxxer.hikari.pool.HikariPool.createTimeoutException(HikariPool.java:696)
	at com.zaxxer.hikari.HikariDataSource.getConnection(HikariDataSource.java:181)
	... 12 more
Caused by: java.net.ConnectException: Connection refused
	at java.base/sun.nio.ch.Net.pollConnect(Native Method)
	at java.base/java.net.Socket.connect(Socket.java:751)
	... 18 more
2026-07-06 05:05:55,699 ERROR [http-nio-8080-exec-7] com.mustertech.shop.payment.PaymentClient - Bestellung B-2026-749149 konnte nicht abgeschlossen werden: Zahlungsanbieter meldet Fehler 502
2026-07-06 05:06:17,713 INFO [scheduler-2] com.mustertech.shop.payment.PaymentClient - Bestellung B-2026-283921 erfolgreich angelegt (3 Positionen, Summe 249,90 EUR)
2026-07-06 05:07:14,580 INFO [scheduler-2] com.mustertech.shop.inventory.StockChecker - Bestellung B-2026-447433 erfolgreich angelegt (3 Positionen, Summe 249,90 EUR)
2026-07-06 05:07:32,218 INFO [http-nio-8080-exec-1] com.mustertech.shop.order.OrderService - Zahlung für Bestellung B-2026-252674 autorisiert (PSP-Referenz psp_38499912)
2026-07-06 05:08:50,340 INFO [http-nio-8080-exec-4] com.mustertech.shop.cart.CartService - Zahlung für Bestellung B-2026-243439 autorisiert (PSP-Referenz psp_99014816)
2026-07-06 05:10:07,970 WARN [http-nio-8080-exec-1] com.mustertech.shop.order.OrderService - Retry 2/3 für PSP-Aufruf, vorheriger Versuch mit Timeout nach 5000 ms
2026-07-06 05:10:45,880 INFO [http-nio-8080-exec-7] com.mustertech.shop.order.OrderService - Zahlung für Bestellung B-2026-638518 autorisiert (PSP-Referenz psp_33085175)
2026-07-06 05:12:55,322 INFO [kafka-listener-0] com.mustertech.shop.order.OrderController - Kundenkonto k-5742 angemeldet
2026-07-06 05:15:06,509 INFO [http-nio-8080-exec-7] com.mustertech.shop.order.OrderController - Empfehlungsmodell neu geladen (Version 2026-06-30)
2026-07-06 05:17:26,358 INFO [scheduler-2] com.mustertech.shop.cart.CartService - Lagerbestand für Artikel MT-36918 aktualisiert: 42 -> 41
2026-07-06 05:19:33,516 INFO [scheduler-2] com.mustertech.shop.order.OrderService - Lagerbestand für Artikel MT-15295 aktualisiert: 42 -> 41
2026-07-06 05:20:50,531 INFO [kafka-listener-0] com.mustertech.shop.order.OrderService - Bestellung B-2026-373181 erfolgreich angelegt (3 Positionen, Summe 249,90 EUR)
2026-07-06 05:21:49,694 INFO [http-nio-8080-exec-7] com.mustertech.shop.cart.CartService - Produktkatalog-Cache aktualisiert: 12841 Artikel in 3421 ms
2026-07-06 05:24:10,628 INFO [scheduler-2] com.mustertech.shop.order.OrderController - Warenkorb w-97125 zusammengeführt nach Login
2026-07-06 05:26:08,850 WARN [scheduler-2] com.mustertech.shop.order.OrderService - Retry 2/3 für PSP-Aufruf, vorheriger Versuch mit Timeout nach 5000 ms
2026-07-06 05:27:25,912 DEBUG [http-nio-8080-exec-7] com.mustertech.shop.catalog.ProductService - Preisberechnung für Warenkorb w-80938: 4 Positionen, 2 Rabattregeln angewendet
2026-07-06 05:29:05,168 INFO [scheduler-2] com.mustertech.shop.catalog.ProductService - Produktkatalog-Cache aktualisiert: 12841 Artikel in 3421 ms
2026-07-06 05:31:37,925 INFO [main] com.mustertech.shop.config.CacheWarmup - Zahlung für Bestellung B-2026-838108 autorisiert (PSP-Referenz psp_39578242)
2026-07-06 05:32:51,186 INFO [http-nio-8080-exec-4] com.mustertech.shop.order.OrderService - Produktkatalog-Cache aktualisiert: 12841 Artikel in 3421 ms
2026-07-06 05:33:57,470 INFO [scheduler-2] com.mustertech.shop.payment.PaymentClient - Bestellung B-2026-769720 erfolgreich angelegt (3 Positionen, Summe 249,90 EUR)
2026-07-06 05:35:15,477 INFO [scheduler-2] com.mustertech.shop.order.OrderService - Bestellung B-2026-167214 an Versanddienstleister übergeben
2026-07-06 05:36:26,290 WARN [http-nio-8080-exec-7] com.mustertech.shop.order.OrderController - Artikel MT-18484 hat negativen Sicherheitsbestand, prüfe Nachbestellung
2026-07-06 05:38:41,028 INFO [main] com.mustertech.shop.order.OrderController - Produktkatalog-Cache aktualisiert: 12841 Artikel in 3421 ms
2026-07-06 05:40:05,131 INFO [scheduler-2] com.mustertech.shop.cart.CartService - Warenkorb w-27574 zusammengeführt nach Login
2026-07-06 05:42:12,096 INFO [main] com.mustertech.shop.payment.PaymentClient - Bestellung B-2026-282059 an Versanddienstleister übergeben
2026-07-06 05:44:18,354 INFO [http-nio-8080-exec-7] com.mustertech.shop.order.OrderService - Bestellung B-2026-227206 erfolgreich angelegt (3 Positionen, Summe 249,90 EUR)
2026-07-06 05:45:09,446 INFO [http-nio-8080-exec-4] com.mustertech.shop.payment.PaymentClient - Warenkorb w-31508 zusammengeführt nach Login
2026-07-06 05:46:00,123 ERROR [main] com.mustertech.shop.payment.PaymentClient - PSP-Aufruf für Bestellung B-2026-304110 endgültig fehlgeschlagen (3/3 Versuche)
com.mustertech.shop.payment.PaymentException: Zahlungsanbieter nicht erreichbar
	at com.mustertech.shop.payment.PaymentClient.authorize(PaymentClient.java:93)
	at com.mustertech.shop.checkout.CheckoutService.completeOrder(CheckoutService.java:71)
Caused by: java.net.http.HttpTimeoutException: request timed out
	at java.net.http/jdk.internal.net.http.HttpClientImpl.send(HttpClientImpl.java:966)
	at com.mustertech.shop.payment.PaymentClient.doRequest(PaymentClient.java:141)
	... 9 more
2026-07-06 05:48:05,821 INFO [http-nio-8080-exec-7] com.mustertech.shop.config.CacheWarmup - Produktkatalog-Cache aktualisiert: 12841 Artikel in 3421 ms
2026-07-06 05:48:58,139 INFO [scheduler-2] com.mustertech.shop.payment.PaymentClient - Produktkatalog-Cache aktualisiert: 12841 Artikel in 3421 ms
2026-07-06 05:50:55,614 INFO [http-nio-8080-exec-7] com.mustertech.shop.payment.PaymentClient - Warenkorb w-57048 zusammengeführt nach Login
2026-07-06 05:51:15,362 DEBUG [http-nio-8080-exec-1] com.mustertech.shop.catalog.ProductService - Preisberechnung für Warenkorb w-75984: 4 Positionen, 2 Rabattregeln angewendet
2026-07-06 05:51:51,849 INFO [kafka-listener-0] com.mustertech.shop.payment.PaymentClient - Zahlung für Bestellung B-2026-188235 autorisiert (PSP-Referenz psp_16020659)
2026-07-06 05:54:12,654 INFO [kafka-listener-0] com.mustertech.shop.catalog.ProductService - Produktkatalog-Cache aktualisiert: 12841 Artikel in 3421 ms
2026-07-06 05:54:38,794 WARN [main] com.mustertech.shop.order.OrderService - Langsame Datenbankabfrage: findOrdersByCustomer dauerte 2841 ms (Schwellwert 1000 ms)
2026-07-06 05:56:12,656 INFO [http-nio-8080-exec-1] com.mustertech.shop.payment.PaymentClient - Warenkorb w-68626 zusammengeführt nach Login
2026-07-06 05:56:51,881 DEBUG [http-nio-8080-exec-7] com.mustertech.shop.order.OrderController - Preisberechnung für Warenkorb w-90524: 4 Positionen, 2 Rabattregeln angewendet
2026-07-06 05:58:41,169 DEBUG [http-nio-8080-exec-1] com.mustertech.shop.order.OrderController - Preisberechnung für Warenkorb w-86417: 4 Positionen, 2 Rabattregeln angewendet
2026-07-06 06:00:55,544 ERROR [http-nio-8080-exec-1] com.mustertech.shop.catalog.ProductService - Bestellung B-2026-776650 konnte nicht abgeschlossen werden: Zahlungsanbieter meldet Fehler 502
2026-07-06 06:03:30,073 INFO [main] com.mustertech.shop.inventory.StockChecker - Kundenkonto k-75117 angemeldet
2026-07-06 06:05:52,198 INFO [main] com.mustertech.shop.payment.PaymentClient - Warenkorb w-30288 zusammengeführt nach Login
2026-07-06 06:07:32,506 WARN [main] com.mustertech.shop.order.OrderController - Retry 2/3 für PSP-Aufruf, vorheriger Versuch mit Timeout nach 5000 ms
2026-07-06 06:09:25,037 INFO [http-nio-8080-exec-4] com.mustertech.shop.inventory.StockChecker - Empfehlungsmodell neu geladen (Version 2026-06-30)
2026-07-06 06:11:37,282 INFO [main] com.mustertech.shop.order.OrderController - Bestellung B-2026-265053 erfolgreich angelegt (3 Positionen, Summe 249,90 EUR)
2026-07-06 06:13:19,775 ERROR [http-nio-8080-exec-1] com.mustertech.shop.order.OrderService - Unerwarteter Fehler bei Bestellung B-2026-926684
java.lang.NullPointerException: Cannot invoke "com.mustertech.shop.customer.Address.getZipCode()" because the return value of "com.mustertech.shop.customer.Customer.getShippingAddress()" is null
	at com.mustertech.shop.order.OrderService.calculateShipping(OrderService.java:187)
	at com.mustertech.shop.order.OrderService.placeOrder(OrderService.java:102)
	at com.mustertech.shop.order.OrderController.create(OrderController.java:58)
	at jdk.internal.reflect.DirectMethodHandleAccessor.invoke(DirectMethodHandleAccessor.java:103)
	at org.springframework.web.method.support.InvocableHandlerMethod.doInvoke(InvocableHandlerMethod.java:255)
	at org.apache.catalina.core.ApplicationFilterChain.doFilter(ApplicationFilterChain.java:166)
	at java.base/java.lang.Thread.run(Thread.java:1583)
2026-07-06 06:14:20,223 INFO [scheduler-2] com.mustertech.shop.catalog.ProductService - Zahlung für Bestellung B-2026-808100 autorisiert (PSP-Referenz psp_37765519)
2026-07-06 06:16:34,291 INFO [kafka-listener-0] com.mustertech.shop.inventory.StockChecker - Produktkatalog-Cache aktualisiert: 12841 Artikel in 3421 ms
2026-07-06 06:18:51,164 INFO [main] com.mustertech.shop.order.OrderController - Empfehlungsmodell neu geladen (Version 2026-06-30)
2026-07-06 06:21:12,050 ERROR [http-nio-8080-exec-7] com.mustertech.shop.order.OrderController - Bestellung B-2026-370777 konnte nicht abgeschlossen werden: Zahlungsanbieter meldet Fehler 502
2026-07-06 06:22:33,951 ERROR [scheduler-2] com.mustertech.shop.order.OrderController - Bestellung B-2026-896079 konnte nicht abgeschlossen werden: Zahlungsanbieter meldet Fehler 502
2026-07-06 06:25:04,361 INFO [http-nio-8080-exec-1] com.mustertech.shop.config.CacheWarmup - Bestellung B-2026-763768 an Versanddienstleister übergeben
2026-07-06 06:27:30,240 INFO [http-nio-8080-exec-7] com.mustertech.shop.order.OrderService - Zahlung für Bestellung B-2026-193297 autorisiert (PSP-Referenz psp_76131097)
2026-07-06 06:28:31,540 INFO [http-nio-8080-exec-7] com.mustertech.shop.payment.PaymentClient - Zahlung für Bestellung B-2026-659652 autorisiert (PSP-Referenz psp_56281869)
2026-07-06 06:30:02,693 INFO [kafka-listener-0] com.mustertech.shop.order.OrderService - Zahlung für Bestellung B-2026-503271 autorisiert (PSP-Referenz psp_42685974)
2026-07-06 06:30:34,349 INFO [http-nio-8080-exec-1] com.mustertech.shop.order.OrderService - Empfehlungsmodell neu geladen (Version 2026-06-30)
2026-07-06 06:32:52,290 INFO [http-nio-8080-exec-7] com.mustertech.shop.config.CacheWarmup - Bestellung B-2026-619780 erfolgreich angelegt (3 Positionen, Summe 249,90 EUR)
2026-07-06 06:33:23,015 INFO [scheduler-2] com.mustertech.shop.cart.CartService - Produktkatalog-Cache aktualisiert: 12841 Artikel in 3421 ms
2026-07-06 06:35:17,610 WARN [scheduler-2] com.mustertech.shop.order.OrderService - Langsame Datenbankabfrage: findOrdersByCustomer dauerte 2841 ms (Schwellwert 1000 ms)
2026-07-06 06:36:56,018 INFO [scheduler-2] com.mustertech.shop.cart.CartService - Zahlung für Bestellung B-2026-125360 autorisiert (PSP-Referenz psp_39810544)
2026-07-06 06:37:15,518 INFO [main] com.mustertech.shop.payment.PaymentClient - Zahlung für Bestellung B-2026-375255 autorisiert (PSP-Referenz psp_89841135)
2026-07-06 06:38:25,253 WARN [http-nio-8080-exec-4] com.mustertech.shop.payment.PaymentClient - Cache-Miss-Rate über 40% in den letzten 5 Minuten
2026-07-06 06:40:50,323 INFO [kafka-listener-0] com.mustertech.shop.order.OrderController - Bestellung B-2026-387394 erfolgreich angelegt (3 Positionen, Summe 249,90 EUR)
2026-07-06 06:42:02,748 ERROR [scheduler-2] com.mustertech.shop.cart.CartService - Ungültige Anfrage abgewiesen
java.lang.IllegalArgumentException: Menge muss größer 0 sein, war: -2 (Artikel MT-11829)
	at com.mustertech.shop.cart.CartService.addItem(CartService.java:66)
	at com.mustertech.shop.cart.CartController.add(CartController.java:39)
	at java.base/java.lang.Thread.run(Thread.java:1583)
2026-07-06 06:42:55,294 INFO [http-nio-8080-exec-7] com.mustertech.shop.catalog.ProductService - Zahlung für Bestellung B-2026-704617 autorisiert (PSP-Referenz psp_80079287)
2026-07-06 06:43:54,556 INFO [http-nio-8080-exec-1] com.mustertech.shop.order.OrderService - Kundenkonto k-88638 angemeldet
2026-07-06 06:44:53,802 INFO [kafka-listener-0] com.mustertech.shop.cart.CartService - Kundenkonto k-83130 angemeldet
2026-07-06 06:47:16,150 INFO [main] com.mustertech.shop.inventory.StockChecker - Produktkatalog-Cache aktualisiert: 12841 Artikel in 3421 ms
2026-07-06 06:49:08,953 WARN [main] com.mustertech.shop.payment.PaymentClient - Deprecation: Endpoint /api/v0/produkte wird am 30.09. abgeschaltet, Aufrufer 10.20.30.170
2026-07-06 06:51:42,671 INFO [kafka-listener-0] com.mustertech.shop.order.OrderService - Warenkorb w-50149 zusammengeführt nach Login
2026-07-06 06:53:49,286 WARN [kafka-listener-0] com.mustertech.shop.catalog.ProductService - Langsame Datenbankabfrage: findOrdersByCustomer dauerte 2841 ms (Schwellwert 1000 ms)
2026-07-06 06:54:52,719 INFO [http-nio-8080-exec-7] com.mustertech.shop.cart.CartService - Lagerbestand für Artikel MT-16790 aktualisiert: 42 -> 41
2026-07-06 06:57:16,033 INFO [scheduler-2] com.mustertech.shop.order.OrderService - Warenkorb w-11824 zusammengeführt nach Login
2026-07-06 06:59:41,057 INFO [scheduler-2] com.mustertech.shop.payment.PaymentClient - Bestellung B-2026-908016 an Versanddienstleister übergeben
2026-07-06 07:01:35,039 INFO [scheduler-2] com.mustertech.shop.cart.CartService - Produktkatalog-Cache aktualisiert: 12841 Artikel in 3421 ms
2026-07-06 07:02:59,273 DEBUG [http-nio-8080-exec-7] com.mustertech.shop.config.CacheWarmup - Preisberechnung für Warenkorb w-67508: 4 Positionen, 2 Rabattregeln angewendet
2026-07-06 07:03:48,485 ERROR [kafka-listener-0] com.mustertech.shop.config.CacheWarmup - Bestellung B-2026-994980 konnte nicht abgeschlossen werden: Zahlungsanbieter meldet Fehler 502
2026-07-06 07:04:54,040 INFO [http-nio-8080-exec-7] com.mustertech.shop.inventory.StockChecker - Kundenkonto k-31290 angemeldet
2026-07-06 07:06:43,972 INFO [kafka-listener-0] com.mustertech.shop.payment.PaymentClient - Bestellung B-2026-591611 erfolgreich angelegt (3 Positionen, Summe 249,90 EUR)
2026-07-06 07:07:14,614 WARN [scheduler-2] com.mustertech.shop.cart.CartService - Deprecation: Endpoint /api/v0/produkte wird am 30.09. abgeschaltet, Aufrufer 10.20.30.212
2026-07-06 07:07:47,715 INFO [http-nio-8080-exec-1] com.mustertech.shop.inventory.StockChecker - Bestellung B-2026-997050 erfolgreich angelegt (3 Positionen, Summe 249,90 EUR)
2026-07-06 07:09:53,500 INFO [http-nio-8080-exec-1] com.mustertech.shop.order.OrderService - Kundenkonto k-51036 angemeldet
2026-07-06 07:10:34,668 WARN [http-nio-8080-exec-1] com.mustertech.shop.cart.CartService - Deprecation: Endpoint /api/v0/produkte wird am 30.09. abgeschaltet, Aufrufer 10.20.30.101
2026-07-06 07:12:27,432 WARN [http-nio-8080-exec-7] com.mustertech.shop.payment.PaymentClient - Langsame Datenbankabfrage: findOrdersByCustomer dauerte 2841 ms (Schwellwert 1000 ms)
2026-07-06 07:12:58,992 INFO [scheduler-2] com.mustertech.shop.order.OrderService - Warenkorb w-79537 zusammengeführt nach Login
2026-07-06 07:15:00,819 INFO [http-nio-8080-exec-7] com.mustertech.shop.payment.PaymentClient - Produktkatalog-Cache aktualisiert: 12841 Artikel in 3421 ms
2026-07-06 07:16:13,808 INFO [http-nio-8080-exec-1] com.mustertech.shop.cart.CartService - Warenkorb w-12914 zusammengeführt nach Login
2026-07-06 07:18:10,377 INFO [http-nio-8080-exec-7] com.mustertech.shop.catalog.ProductService - Warenkorb w-45089 zusammengeführt nach Login
2026-07-06 07:20:41,933 INFO [http-nio-8080-exec-1] com.mustertech.shop.order.OrderService - Bestellung B-2026-825093 erfolgreich angelegt (3 Positionen, Summe 249,90 EUR)
2026-07-06 07:22:01,677 INFO [scheduler-2] com.mustertech.shop.inventory.StockChecker - Produktkatalog-Cache aktualisiert: 12841 Artikel in 3421 ms
2026-07-06 07:22:48,434 INFO [http-nio-8080-exec-7] com.mustertech.shop.catalog.ProductService - Kundenkonto k-37787 angemeldet
2026-07-06 07:24:51,694 DEBUG [http-nio-8080-exec-4] com.mustertech.shop.payment.PaymentClient - Preisberechnung für Warenkorb w-56258: 4 Positionen, 2 Rabattregeln angewendet
2026-07-06 07:27:18,818 ERROR [main] com.mustertech.shop.cart.CartService - Ungültige Anfrage abgewiesen
java.lang.IllegalArgumentException: Menge muss größer 0 sein, war: -2 (Artikel MT-27899)
	at com.mustertech.shop.cart.CartService.addItem(CartService.java:66)
	at com.mustertech.shop.cart.CartController.add(CartController.java:39)
	at java.base/java.lang.Thread.run(Thread.java:1583)
2026-07-06 07:29:40,214 ERROR [kafka-listener-0] com.mustertech.shop.order.OrderService - Unerwarteter Fehler bei Bestellung B-2026-859398
java.lang.NullPointerException: Cannot invoke "com.mustertech.shop.customer.Address.getZipCode()" because the return value of "com.mustertech.shop.customer.Customer.getShippingAddress()" is null
	at com.mustertech.shop.order.OrderService.calculateShipping(OrderService.java:187)
	at com.mustertech.shop.order.OrderService.placeOrder(OrderService.java:102)
	at com.mustertech.shop.order.OrderController.create(OrderController.java:58)
	at jdk.internal.reflect.DirectMethodHandleAccessor.invoke(DirectMethodHandleAccessor.java:103)
	at org.springframework.web.method.support.InvocableHandlerMethod.doInvoke(InvocableHandlerMethod.java:255)
	at org.apache.catalina.core.ApplicationFilterChain.doFilter(ApplicationFilterChain.java:166)
	at java.base/java.lang.Thread.run(Thread.java:1583)
2026-07-06 07:30:59,850 INFO [kafka-listener-0] com.mustertech.shop.order.OrderController - Bestellung B-2026-634031 erfolgreich angelegt (3 Positionen, Summe 249,90 EUR)
2026-07-06 07:31:49,417 WARN [http-nio-8080-exec-4] com.mustertech.shop.order.OrderService - Cache-Miss-Rate über 40% in den letzten 5 Minuten
2026-07-06 07:33:34,919 INFO [http-nio-8080-exec-1] com.mustertech.shop.order.OrderService - Warenkorb w-66810 zusammengeführt nach Login
2026-07-06 07:35:20,628 INFO [http-nio-8080-exec-7] com.mustertech.shop.order.OrderService - Empfehlungsmodell neu geladen (Version 2026-06-30)
2026-07-06 07:35:42,603 WARN [main] com.mustertech.shop.order.OrderService - Retry 2/3 für PSP-Aufruf, vorheriger Versuch mit Timeout nach 5000 ms
2026-07-06 07:37:02,058 INFO [kafka-listener-0] com.mustertech.shop.order.OrderService - Zahlung für Bestellung B-2026-130861 autorisiert (PSP-Referenz psp_78177343)
2026-07-06 07:37:52,618 INFO [kafka-listener-0] com.mustertech.shop.order.OrderService - Kundenkonto k-82646 angemeldet
2026-07-06 07:40:15,799 ERROR [main] com.mustertech.shop.payment.PaymentClient - PSP-Aufruf für Bestellung B-2026-724019 endgültig fehlgeschlagen (3/3 Versuche)
com.mustertech.shop.payment.PaymentException: Zahlungsanbieter nicht erreichbar
	at com.mustertech.shop.payment.PaymentClient.authorize(PaymentClient.java:93)
	at com.mustertech.shop.checkout.CheckoutService.completeOrder(CheckoutService.java:71)
Caused by: java.net.http.HttpTimeoutException: request timed out
	at java.net.http/jdk.internal.net.http.HttpClientImpl.send(HttpClientImpl.java:966)
	at com.mustertech.shop.payment.PaymentClient.doRequest(PaymentClient.java:141)
	... 9 more
2026-07-06 07:40:37,772 INFO [main] com.mustertech.shop.payment.PaymentClient - Bestellung B-2026-950188 erfolgreich angelegt (3 Positionen, Summe 249,90 EUR)
2026-07-06 07:42:20,496 ERROR [http-nio-8080-exec-1] com.mustertech.shop.order.OrderService - Datenbankverbindung fehlgeschlagen, Transaktion wird zurückgerollt
org.springframework.dao.DataAccessResourceFailureException: Unable to acquire JDBC Connection
	at org.springframework.orm.jpa.vendor.HibernateJpaDialect.convertHibernateAccessException(HibernateJpaDialect.java:275)
	at com.mustertech.shop.order.OrderRepository.save(OrderRepository.java:44)
	at com.mustertech.shop.order.OrderService.placeOrder(OrderService.java:110)
Caused by: java.sql.SQLTransientConnectionException: HikariPool-1 - Connection is not available, request timed out after 30000ms
	at com.zaxxer.hikari.pool.HikariPool.createTimeoutException(HikariPool.java:696)
	at com.zaxxer.hikari.HikariDataSource.getConnection(HikariDataSource.java:181)
	... 12 more
Caused by: java.net.ConnectException: Connection refused
	at java.base/sun.nio.ch.Net.pollConnect(Native Method)
	at java.base/java.net.Socket.connect(Socket.java:751)
	... 18 more
2026-07-06 07:44:16,206 INFO [http-nio-8080-exec-7] com.mustertech.shop.inventory.StockChecker - Bestellung B-2026-123330 an Versanddienstleister übergeben
2026-07-06 07:45:12,861 INFO [scheduler-2] com.mustertech.shop.payment.PaymentClient - Warenkorb w-86251 zusammengeführt nach Login
2026-07-06 07:46:09,695 INFO [http-nio-8080-exec-7] com.mustertech.shop.payment.PaymentClient - Produktkatalog-Cache aktualisiert: 12841 Artikel in 3421 ms
2026-07-06 07:47:50,604 WARN [http-nio-8080-exec-7] com.mustertech.shop.config.CacheWarmup - Langsame Datenbankabfrage: findOrdersByCustomer dauerte 2841 ms (Schwellwert 1000 ms)
2026-07-06 07:49:43,652 INFO [main] com.mustertech.shop.payment.PaymentClient - Bestellung B-2026-370435 erfolgreich angelegt (3 Positionen, Summe 249,90 EUR)
2026-07-06 07:51:42,377 INFO [http-nio-8080-exec-7] com.mustertech.shop.config.CacheWarmup - Empfehlungsmodell neu geladen (Version 2026-06-30)
2026-07-06 07:52:21,021 WARN [http-nio-8080-exec-1] com.mustertech.shop.catalog.ProductService - Retry 2/3 für PSP-Aufruf, vorheriger Versuch mit Timeout nach 5000 ms
2026-07-06 07:54:39,437 INFO [http-nio-8080-exec-7] com.mustertech.shop.cart.CartService - Bestellung B-2026-278182 erfolgreich angelegt (3 Positionen, Summe 249,90 EUR)
2026-07-06 07:54:58,299 INFO [http-nio-8080-exec-4] com.mustertech.shop.order.OrderService - Empfehlungsmodell neu geladen (Version 2026-06-30)
2026-07-06 07:55:51,427 INFO [http-nio-8080-exec-1] com.mustertech.shop.order.OrderService - Bestellung B-2026-276667 erfolgreich angelegt (3 Positionen, Summe 249,90 EUR)
2026-07-06 07:56:52,050 INFO [main] com.mustertech.shop.cart.CartService - Kundenkonto k-12066 angemeldet
2026-07-06 07:58:34,469 INFO [kafka-listener-0] com.mustertech.shop.inventory.StockChecker - Produktkatalog-Cache aktualisiert: 12841 Artikel in 3421 ms
2026-07-06 08:00:52,088 INFO [http-nio-8080-exec-1] com.mustertech.shop.order.OrderService - Bestellung B-2026-648371 erfolgreich angelegt (3 Positionen, Summe 249,90 EUR)
2026-07-06 08:02:28,035 ERROR [http-nio-8080-exec-1] com.mustertech.shop.order.OrderService - Unerwarteter Fehler bei Bestellung B-2026-499960
java.lang.NullPointerException: Cannot invoke "com.mustertech.shop.customer.Address.getZipCode()" because the return value of "com.mustertech.shop.customer.Customer.getShippingAddress()" is null
	at com.mustertech.shop.order.OrderService.calculateShipping(OrderService.java:187)
	at com.mustertech.shop.order.OrderService.placeOrder(OrderService.java:102)
	at com.mustertech.shop.order.OrderController.create(OrderController.java:58)
	at jdk.internal.reflect.DirectMethodHandleAccessor.invoke(DirectMethodHandleAccessor.java:103)
	at org.springframework.web.method.support.InvocableHandlerMethod.doInvoke(InvocableHandlerMethod.java:255)
	at org.apache.catalina.core.ApplicationFilterChain.doFilter(ApplicationFilterChain.java:166)
	at java.base/java.lang.Thread.run(Thread.java:1583)
2026-07-06 08:03:19,441 INFO [scheduler-2] com.mustertech.shop.inventory.StockChecker - Warenkorb w-75263 zusammengeführt nach Login
2026-07-06 08:04:22,363 INFO [scheduler-2] com.mustertech.shop.inventory.StockChecker - Warenkorb w-18185 zusammengeführt nach Login
2026-07-06 08:05:01,556 INFO [scheduler-2] com.mustertech.shop.config.CacheWarmup - Produktkatalog-Cache aktualisiert: 12841 Artikel in 3421 ms
2026-07-06 08:07:11,095 WARN [scheduler-2] com.mustertech.shop.cart.CartService - Deprecation: Endpoint /api/v0/produkte wird am 30.09. abgeschaltet, Aufrufer 10.20.30.202
2026-07-06 08:08:16,969 DEBUG [http-nio-8080-exec-1] com.mustertech.shop.inventory.StockChecker - Preisberechnung für Warenkorb w-72593: 4 Positionen, 2 Rabattregeln angewendet
2026-07-06 08:09:35,061 WARN [main] com.mustertech.shop.catalog.ProductService - Deprecation: Endpoint /api/v0/produkte wird am 30.09. abgeschaltet, Aufrufer 10.20.30.210
2026-07-06 08:10:40,089 INFO [scheduler-2] com.mustertech.shop.payment.PaymentClient - Kundenkonto k-7161 angemeldet
2026-07-06 08:11:42,995 INFO [main] com.mustertech.shop.payment.PaymentClient - Kundenkonto k-45126 angemeldet
2026-07-06 08:13:55,263 INFO [http-nio-8080-exec-7] com.mustertech.shop.config.CacheWarmup - Warenkorb w-43682 zusammengeführt nach Login
2026-07-06 08:15:40,459 INFO [kafka-listener-0] com.mustertech.shop.order.OrderController - Bestellung B-2026-596684 an Versanddienstleister übergeben
2026-07-06 08:16:09,261 WARN [http-nio-8080-exec-4] com.mustertech.shop.order.OrderService - Cache-Miss-Rate über 40% in den letzten 5 Minuten
2026-07-06 08:18:01,712 INFO [kafka-listener-0] com.mustertech.shop.order.OrderController - Bestellung B-2026-135300 erfolgreich angelegt (3 Positionen, Summe 249,90 EUR)
2026-07-06 08:20:07,258 INFO [http-nio-8080-exec-4] com.mustertech.shop.order.OrderController - Warenkorb w-77098 zusammengeführt nach Login
2026-07-06 08:20:58,553 INFO [http-nio-8080-exec-4] com.mustertech.shop.order.OrderService - Bestellung B-2026-528424 an Versanddienstleister übergeben
2026-07-06 08:22:15,714 WARN [http-nio-8080-exec-7] com.mustertech.shop.cart.CartService - Artikel MT-32780 hat negativen Sicherheitsbestand, prüfe Nachbestellung
2026-07-06 08:23:37,563 INFO [scheduler-2] com.mustertech.shop.order.OrderController - Zahlung für Bestellung B-2026-555658 autorisiert (PSP-Referenz psp_22056104)
2026-07-06 08:24:34,254 INFO [http-nio-8080-exec-1] com.mustertech.shop.config.CacheWarmup - Warenkorb w-69251 zusammengeführt nach Login
2026-07-06 08:25:33,144 INFO [http-nio-8080-exec-1] com.mustertech.shop.order.OrderController - Bestellung B-2026-971426 an Versanddienstleister übergeben
2026-07-06 08:27:23,233 WARN [http-nio-8080-exec-7] com.mustertech.shop.order.OrderController - Langsame Datenbankabfrage: findOrdersByCustomer dauerte 2841 ms (Schwellwert 1000 ms)
2026-07-06 08:29:40,375 INFO [http-nio-8080-exec-7] com.mustertech.shop.order.OrderService - Warenkorb w-57416 zusammengeführt nach Login
2026-07-06 08:30:01,386 INFO [kafka-listener-0] com.mustertech.shop.inventory.StockChecker - Lagerbestand für Artikel MT-19087 aktualisiert: 42 -> 41
2026-07-06 08:30:33,015 INFO [http-nio-8080-exec-1] com.mustertech.shop.catalog.ProductService - Produktkatalog-Cache aktualisiert: 12841 Artikel in 3421 ms
2026-07-06 08:32:20,712 WARN [kafka-listener-0] com.mustertech.shop.catalog.ProductService - Langsame Datenbankabfrage: findOrdersByCustomer dauerte 2841 ms (Schwellwert 1000 ms)
2026-07-06 08:34:08,027 INFO [http-nio-8080-exec-7] com.mustertech.shop.cart.CartService - Bestellung B-2026-913504 erfolgreich angelegt (3 Positionen, Summe 249,90 EUR)
2026-07-06 08:35:59,368 INFO [http-nio-8080-exec-1] com.mustertech.shop.order.OrderController - Bestellung B-2026-953693 erfolgreich angelegt (3 Positionen, Summe 249,90 EUR)
2026-07-06 08:36:28,020 INFO [http-nio-8080-exec-4] com.mustertech.shop.order.OrderController - Zahlung für Bestellung B-2026-925440 autorisiert (PSP-Referenz psp_16552308)
2026-07-06 08:37:58,260 INFO [scheduler-2] com.mustertech.shop.payment.PaymentClient - Produktkatalog-Cache aktualisiert: 12841 Artikel in 3421 ms
2026-07-06 08:38:39,988 INFO [http-nio-8080-exec-4] com.mustertech.shop.config.CacheWarmup - Zahlung für Bestellung B-2026-831459 autorisiert (PSP-Referenz psp_52745011)
2026-07-06 08:39:27,956 INFO [http-nio-8080-exec-7] com.mustertech.shop.config.CacheWarmup - Kundenkonto k-67931 angemeldet
2026-07-06 08:40:45,331 DEBUG [kafka-listener-0] com.mustertech.shop.config.CacheWarmup - Preisberechnung für Warenkorb w-51607: 4 Positionen, 2 Rabattregeln angewendet
2026-07-06 08:41:04,478 DEBUG [kafka-listener-0] com.mustertech.shop.cart.CartService - Preisberechnung für Warenkorb w-95156: 4 Positionen, 2 Rabattregeln angewendet
2026-07-06 08:43:34,636 WARN [http-nio-8080-exec-4] com.mustertech.shop.catalog.ProductService - Cache-Miss-Rate über 40% in den letzten 5 Minuten
2026-07-06 08:45:50,545 INFO [http-nio-8080-exec-7] com.mustertech.shop.cart.CartService - Warenkorb w-32286 zusammengeführt nach Login
2026-07-06 08:46:25,291 INFO [main] com.mustertech.shop.payment.PaymentClient - Kundenkonto k-74611 angemeldet
2026-07-06 08:47:05,329 INFO [http-nio-8080-exec-4] com.mustertech.shop.payment.PaymentClient - Zahlung für Bestellung B-2026-728766 autorisiert (PSP-Referenz psp_25076109)
2026-07-06 08:47:48,566 INFO [scheduler-2] com.mustertech.shop.order.OrderController - Empfehlungsmodell neu geladen (Version 2026-06-30)
2026-07-06 08:49:01,481 INFO [http-nio-8080-exec-4] com.mustertech.shop.config.CacheWarmup - Produktkatalog-Cache aktualisiert: 12841 Artikel in 3421 ms
2026-07-06 08:50:01,830 INFO [kafka-listener-0] com.mustertech.shop.payment.PaymentClient - Zahlung für Bestellung B-2026-867896 autorisiert (PSP-Referenz psp_89803033)
2026-07-06 08:50:20,621 INFO [main] com.mustertech.shop.cart.CartService - Produktkatalog-Cache aktualisiert: 12841 Artikel in 3421 ms
2026-07-06 08:51:49,431 INFO [http-nio-8080-exec-4] com.mustertech.shop.cart.CartService - Bestellung B-2026-634257 an Versanddienstleister übergeben
2026-07-06 08:53:46,249 INFO [scheduler-2] com.mustertech.shop.payment.PaymentClient - Empfehlungsmodell neu geladen (Version 2026-06-30)
2026-07-06 08:54:13,170 ERROR [kafka-listener-0] com.mustertech.shop.cart.CartService - Ungültige Anfrage abgewiesen
java.lang.IllegalArgumentException: Menge muss größer 0 sein, war: -2 (Artikel MT-16911)
	at com.mustertech.shop.cart.CartService.addItem(CartService.java:66)
	at com.mustertech.shop.cart.CartController.add(CartController.java:39)
	at java.base/java.lang.Thread.run(Thread.java:1583)
2026-07-06 08:54:30,577 INFO [main] com.mustertech.shop.order.OrderController - Bestellung B-2026-540382 erfolgreich angelegt (3 Positionen, Summe 249,90 EUR)
2026-07-06 08:54:48,773 INFO [http-nio-8080-exec-1] com.mustertech.shop.config.CacheWarmup - Lagerbestand für Artikel MT-38175 aktualisiert: 42 -> 41
2026-07-06 08:56:20,571 INFO [scheduler-2] com.mustertech.shop.cart.CartService - Produktkatalog-Cache aktualisiert: 12841 Artikel in 3421 ms
2026-07-06 08:56:53,579 WARN [scheduler-2] com.mustertech.shop.order.OrderService - Retry 2/3 für PSP-Aufruf, vorheriger Versuch mit Timeout nach 5000 ms
2026-07-06 08:58:23,793 INFO [http-nio-8080-exec-4] com.mustertech.shop.order.OrderController - Kundenkonto k-91037 angemeldet
2026-07-06 09:00:48,536 INFO [scheduler-2] com.mustertech.shop.config.CacheWarmup - Zahlung für Bestellung B-2026-524446 autorisiert (PSP-Referenz psp_31753813)
2026-07-06 09:01:54,974 INFO [main] com.mustertech.shop.order.OrderController - Lagerbestand für Artikel MT-25748 aktualisiert: 42 -> 41
2026-07-06 09:02:27,304 INFO [http-nio-8080-exec-1] com.mustertech.shop.payment.PaymentClient - Lagerbestand für Artikel MT-10270 aktualisiert: 42 -> 41
2026-07-06 09:04:59,562 INFO [scheduler-2] com.mustertech.shop.inventory.StockChecker - Bestellung B-2026-604724 erfolgreich angelegt (3 Positionen, Summe 249,90 EUR)
2026-07-06 09:05:50,905 INFO [main] com.mustertech.shop.catalog.ProductService - Zahlung für Bestellung B-2026-786218 autorisiert (PSP-Referenz psp_31274114)
2026-07-06 09:06:25,322 INFO [scheduler-2] com.mustertech.shop.order.OrderController - Bestellung B-2026-920180 an Versanddienstleister übergeben
2026-07-06 09:07:14,213 INFO [kafka-listener-0] com.mustertech.shop.order.OrderController - Kundenkonto k-81611 angemeldet
2026-07-06 09:07:57,810 INFO [main] com.mustertech.shop.inventory.StockChecker - Empfehlungsmodell neu geladen (Version 2026-06-30)
2026-07-06 09:08:35,343 INFO [main] com.mustertech.shop.config.CacheWarmup - Bestellung B-2026-938130 erfolgreich angelegt (3 Positionen, Summe 249,90 EUR)
2026-07-06 09:10:49,308 INFO [http-nio-8080-exec-7] com.mustertech.shop.catalog.ProductService - Empfehlungsmodell neu geladen (Version 2026-06-30)
2026-07-06 09:11:25,973 WARN [main] com.mustertech.shop.inventory.StockChecker - Cache-Miss-Rate über 40% in den letzten 5 Minuten
2026-07-06 09:12:21,894 INFO [scheduler-2] com.mustertech.shop.cart.CartService - Warenkorb w-87836 zusammengeführt nach Login
2026-07-06 09:13:01,608 WARN [http-nio-8080-exec-1] com.mustertech.shop.catalog.ProductService - Artikel MT-27451 hat negativen Sicherheitsbestand, prüfe Nachbestellung
2026-07-06 09:13:56,491 ERROR [kafka-listener-0] com.mustertech.shop.catalog.ProductService - Bestellung B-2026-620435 konnte nicht abgeschlossen werden: Zahlungsanbieter meldet Fehler 502
2026-07-06 09:15:57,787 INFO [main] com.mustertech.shop.order.OrderController - Kundenkonto k-1884 angemeldet
2026-07-06 09:16:23,479 INFO [http-nio-8080-exec-7] com.mustertech.shop.payment.PaymentClient - Warenkorb w-53520 zusammengeführt nach Login
2026-07-06 09:17:44,016 INFO [scheduler-2] com.mustertech.shop.cart.CartService - Lagerbestand für Artikel MT-30664 aktualisiert: 42 -> 41
2026-07-06 09:18:03,647 INFO [scheduler-2] com.mustertech.shop.order.OrderService - Warenkorb w-37355 zusammengeführt nach Login
2026-07-06 09:20:33,626 INFO [main] com.mustertech.shop.catalog.ProductService - Produktkatalog-Cache aktualisiert: 12841 Artikel in 3421 ms
2026-07-06 09:22:13,743 INFO [kafka-listener-0] com.mustertech.shop.inventory.StockChecker - Bestellung B-2026-716801 erfolgreich angelegt (3 Positionen, Summe 249,90 EUR)
2026-07-06 09:24:38,641 ERROR [main] com.mustertech.shop.order.OrderService - Datenbankverbindung fehlgeschlagen, Transaktion wird zurückgerollt
org.springframework.dao.DataAccessResourceFailureException: Unable to acquire JDBC Connection
	at org.springframework.orm.jpa.vendor.HibernateJpaDialect.convertHibernateAccessException(HibernateJpaDialect.java:275)
	at com.mustertech.shop.order.OrderRepository.save(OrderRepository.java:44)
	at com.mustertech.shop.order.OrderService.placeOrder(OrderService.java:110)
Caused by: java.sql.SQLTransientConnectionException: HikariPool-1 - Connection is not available, request timed out after 30000ms
	at com.zaxxer.hikari.pool.HikariPool.createTimeoutException(HikariPool.java:696)
	at com.zaxxer.hikari.HikariDataSource.getConnection(HikariDataSource.java:181)
	... 12 more
Caused by: java.net.ConnectException: Connection refused
	at java.base/sun.nio.ch.Net.pollConnect(Native Method)
	at java.base/java.net.Socket.connect(Socket.java:751)
	... 18 more
2026-07-06 09:25:26,238 INFO [main] com.mustertech.shop.config.CacheWarmup - Kundenkonto k-71875 angemeldet
2026-07-06 09:26:01,285 INFO [kafka-listener-0] com.mustertech.shop.cart.CartService - Warenkorb w-60853 zusammengeführt nach Login
2026-07-06 09:27:23,935 INFO [kafka-listener-0] com.mustertech.shop.order.OrderService - Bestellung B-2026-334336 an Versanddienstleister übergeben
2026-07-06 09:29:16,035 INFO [kafka-listener-0] com.mustertech.shop.catalog.ProductService - Zahlung für Bestellung B-2026-377678 autorisiert (PSP-Referenz psp_60771652)
2026-07-06 09:31:27,092 INFO [scheduler-2] com.mustertech.shop.order.OrderService - Zahlung für Bestellung B-2026-135620 autorisiert (PSP-Referenz psp_80084650)
2026-07-06 09:34:00,270 WARN [http-nio-8080-exec-4] com.mustertech.shop.cart.CartService - Cache-Miss-Rate über 40% in den letzten 5 Minuten
2026-07-06 09:35:57,424 WARN [http-nio-8080-exec-1] com.mustertech.shop.catalog.ProductService - Cache-Miss-Rate über 40% in den letzten 5 Minuten
2026-07-06 09:37:24,601 INFO [scheduler-2] com.mustertech.shop.payment.PaymentClient - Zahlung für Bestellung B-2026-389626 autorisiert (PSP-Referenz psp_16350610)
2026-07-06 09:39:15,834 INFO [kafka-listener-0] com.mustertech.shop.config.CacheWarmup - Zahlung für Bestellung B-2026-485869 autorisiert (PSP-Referenz psp_63073853)
2026-07-06 09:40:46,310 INFO [http-nio-8080-exec-1] com.mustertech.shop.payment.PaymentClient - Zahlung für Bestellung B-2026-799932 autorisiert (PSP-Referenz psp_21372500)
2026-07-06 09:42:58,671 INFO [scheduler-2] com.mustertech.shop.order.OrderService - Lagerbestand für Artikel MT-29063 aktualisiert: 42 -> 41
2026-07-06 09:44:53,303 DEBUG [scheduler-2] com.mustertech.shop.payment.PaymentClient - Preisberechnung für Warenkorb w-10095: 4 Positionen, 2 Rabattregeln angewendet
2026-07-06 09:47:06,287 INFO [main] com.mustertech.shop.catalog.ProductService - Lagerbestand für Artikel MT-26551 aktualisiert: 42 -> 41
2026-07-06 09:47:49,723 INFO [scheduler-2] com.mustertech.shop.payment.PaymentClient - Bestellung B-2026-287153 erfolgreich angelegt (3 Positionen, Summe 249,90 EUR)
2026-07-06 09:48:08,802 WARN [http-nio-8080-exec-4] com.mustertech.shop.payment.PaymentClient - Cache-Miss-Rate über 40% in den letzten 5 Minuten
2026-07-06 09:49:17,474 DEBUG [http-nio-8080-exec-4] com.mustertech.shop.cart.CartService - Preisberechnung für Warenkorb w-98669: 4 Positionen, 2 Rabattregeln angewendet
2026-07-06 09:51:24,186 INFO [scheduler-2] com.mustertech.shop.payment.PaymentClient - Bestellung B-2026-850419 erfolgreich angelegt (3 Positionen, Summe 249,90 EUR)
2026-07-06 09:51:52,580 INFO [kafka-listener-0] com.mustertech.shop.order.OrderController - Kundenkonto k-71135 angemeldet
2026-07-06 09:54:25,250 INFO [main] com.mustertech.shop.catalog.ProductService - Bestellung B-2026-297247 erfolgreich angelegt (3 Positionen, Summe 249,90 EUR)
2026-07-06 09:56:45,473 INFO [http-nio-8080-exec-7] com.mustertech.shop.catalog.ProductService - Kundenkonto k-5773 angemeldet
2026-07-06 09:57:43,940 INFO [http-nio-8080-exec-4] com.mustertech.shop.payment.PaymentClient - Bestellung B-2026-996196 erfolgreich angelegt (3 Positionen, Summe 249,90 EUR)
2026-07-06 09:58:31,012 INFO [kafka-listener-0] com.mustertech.shop.inventory.StockChecker - Produktkatalog-Cache aktualisiert: 12841 Artikel in 3421 ms
2026-07-06 09:59:37,423 INFO [kafka-listener-0] com.mustertech.shop.inventory.StockChecker - Lagerbestand für Artikel MT-15326 aktualisiert: 42 -> 41
2026-07-06 10:01:09,710 INFO [http-nio-8080-exec-4] com.mustertech.shop.cart.CartService - Warenkorb w-4775 zusammengeführt nach Login
2026-07-06 10:02:53,468 WARN [http-nio-8080-exec-4] com.mustertech.shop.inventory.StockChecker - Deprecation: Endpoint /api/v0/produkte wird am 30.09. abgeschaltet, Aufrufer 10.20.30.128
2026-07-06 10:05:27,141 INFO [http-nio-8080-exec-1] com.mustertech.shop.inventory.StockChecker - Lagerbestand für Artikel MT-39687 aktualisiert: 42 -> 41
2026-07-06 10:07:11,725 ERROR [http-nio-8080-exec-1] com.mustertech.shop.cart.CartService - Ungültige Anfrage abgewiesen
java.lang.IllegalArgumentException: Menge muss größer 0 sein, war: -2 (Artikel MT-24030)
	at com.mustertech.shop.cart.CartService.addItem(CartService.java:66)
	at com.mustertech.shop.cart.CartController.add(CartController.java:39)
	at java.base/java.lang.Thread.run(Thread.java:1583)
2026-07-06 10:07:51,543 DEBUG [http-nio-8080-exec-7] com.mustertech.shop.order.OrderController - Preisberechnung für Warenkorb w-75372: 4 Positionen, 2 Rabattregeln angewendet
2026-07-06 10:08:55,991 INFO [http-nio-8080-exec-1] com.mustertech.shop.cart.CartService - Kundenkonto k-21770 angemeldet
2026-07-06 10:10:54,857 INFO [http-nio-8080-exec-1] com.mustertech.shop.order.OrderService - Produktkatalog-Cache aktualisiert: 12841 Artikel in 3421 ms
2026-07-06 10:12:25,524 INFO [http-nio-8080-exec-1] com.mustertech.shop.config.CacheWarmup - Empfehlungsmodell neu geladen (Version 2026-06-30)
2026-07-06 10:12:44,786 DEBUG [http-nio-8080-exec-7] com.mustertech.shop.catalog.ProductService - Preisberechnung für Warenkorb w-60948: 4 Positionen, 2 Rabattregeln angewendet
2026-07-06 10:14:35,319 INFO [scheduler-2] com.mustertech.shop.cart.CartService - Kundenkonto k-83342 angemeldet
2026-07-06 10:16:46,399 INFO [http-nio-8080-exec-7] com.mustertech.shop.cart.CartService - Bestellung B-2026-445377 an Versanddienstleister übergeben
2026-07-06 10:18:45,373 WARN [kafka-listener-0] com.mustertech.shop.cart.CartService - Deprecation: Endpoint /api/v0/produkte wird am 30.09. abgeschaltet, Aufrufer 10.20.30.175
2026-07-06 10:19:12,655 INFO [http-nio-8080-exec-4] com.mustertech.shop.config.CacheWarmup - Bestellung B-2026-879253 erfolgreich angelegt (3 Positionen, Summe 249,90 EUR)
2026-07-06 10:21:07,631 INFO [scheduler-2] com.mustertech.shop.inventory.StockChecker - Empfehlungsmodell neu geladen (Version 2026-06-30)
2026-07-06 10:21:48,690 INFO [http-nio-8080-exec-4] com.mustertech.shop.payment.PaymentClient - Produktkatalog-Cache aktualisiert: 12841 Artikel in 3421 ms
2026-07-06 10:23:48,220 INFO [http-nio-8080-exec-7] com.mustertech.shop.payment.PaymentClient - Produktkatalog-Cache aktualisiert: 12841 Artikel in 3421 ms
2026-07-06 10:25:33,756 INFO [kafka-listener-0] com.mustertech.shop.order.OrderController - Warenkorb w-23188 zusammengeführt nach Login
2026-07-06 10:26:06,302 INFO [scheduler-2] com.mustertech.shop.config.CacheWarmup - Zahlung für Bestellung B-2026-351879 autorisiert (PSP-Referenz psp_47119884)
2026-07-06 10:27:23,429 INFO [main] com.mustertech.shop.order.OrderController - Warenkorb w-35423 zusammengeführt nach Login
2026-07-06 10:29:03,106 INFO [http-nio-8080-exec-7] com.mustertech.shop.order.OrderService - Bestellung B-2026-393149 an Versanddienstleister übergeben
2026-07-06 10:30:05,388 INFO [kafka-listener-0] com.mustertech.shop.catalog.ProductService - Warenkorb w-9391 zusammengeführt nach Login
2026-07-06 10:31:46,861 INFO [http-nio-8080-exec-4] com.mustertech.shop.cart.CartService - Lagerbestand für Artikel MT-16393 aktualisiert: 42 -> 41
2026-07-06 10:32:50,123 INFO [main] com.mustertech.shop.payment.PaymentClient - Kundenkonto k-9497 angemeldet
2026-07-06 10:34:12,692 INFO [http-nio-8080-exec-1] com.mustertech.shop.payment.PaymentClient - Kundenkonto k-88203 angemeldet
2026-07-06 10:36:46,304 WARN [main] com.mustertech.shop.payment.PaymentClient - Deprecation: Endpoint /api/v0/produkte wird am 30.09. abgeschaltet, Aufrufer 10.20.30.148
2026-07-06 10:37:06,522 INFO [main] com.mustertech.shop.config.CacheWarmup - Empfehlungsmodell neu geladen (Version 2026-06-30)
2026-07-06 10:38:51,366 INFO [kafka-listener-0] com.mustertech.shop.order.OrderController - Kundenkonto k-37437 angemeldet
2026-07-06 10:40:41,036 INFO [http-nio-8080-exec-7] com.mustertech.shop.payment.PaymentClient - Produktkatalog-Cache aktualisiert: 12841 Artikel in 3421 ms
2026-07-06 10:42:04,513 INFO [scheduler-2] com.mustertech.shop.config.CacheWarmup - Bestellung B-2026-954787 an Versanddienstleister übergeben
2026-07-06 10:42:30,724 DEBUG [main] com.mustertech.shop.order.OrderController - Preisberechnung für Warenkorb w-63951: 4 Positionen, 2 Rabattregeln angewendet
2026-07-06 10:43:21,104 INFO [kafka-listener-0] com.mustertech.shop.order.OrderService - Empfehlungsmodell neu geladen (Version 2026-06-30)
2026-07-06 10:44:33,200 INFO [http-nio-8080-exec-1] com.mustertech.shop.order.OrderService - Warenkorb w-86596 zusammengeführt nach Login
2026-07-06 10:45:22,724 DEBUG [scheduler-2] com.mustertech.shop.order.OrderController - Preisberechnung für Warenkorb w-75263: 4 Positionen, 2 Rabattregeln angewendet
2026-07-06 10:47:45,026 WARN [http-nio-8080-exec-7] com.mustertech.shop.config.CacheWarmup - Retry 2/3 für PSP-Aufruf, vorheriger Versuch mit Timeout nach 5000 ms
2026-07-06 10:48:23,777 INFO [http-nio-8080-exec-7] com.mustertech.shop.config.CacheWarmup - Produktkatalog-Cache aktualisiert: 12841 Artikel in 3421 ms
2026-07-06 10:50:18,683 WARN [scheduler-2] com.mustertech.shop.cart.CartService - Deprecation: Endpoint /api/v0/produkte wird am 30.09. abgeschaltet, Aufrufer 10.20.30.227
2026-07-06 10:51:23,755 INFO [kafka-listener-0] com.mustertech.shop.order.OrderService - Lagerbestand für Artikel MT-16668 aktualisiert: 42 -> 41
2026-07-06 10:53:17,173 WARN [http-nio-8080-exec-4] com.mustertech.shop.order.OrderService - Cache-Miss-Rate über 40% in den letzten 5 Minuten
2026-07-06 10:55:23,451 INFO [http-nio-8080-exec-4] com.mustertech.shop.payment.PaymentClient - Bestellung B-2026-953349 erfolgreich angelegt (3 Positionen, Summe 249,90 EUR)
2026-07-06 10:56:48,456 INFO [http-nio-8080-exec-1] com.mustertech.shop.catalog.ProductService - Empfehlungsmodell neu geladen (Version 2026-06-30)
2026-07-06 10:58:43,447 WARN [http-nio-8080-exec-7] com.mustertech.shop.payment.PaymentClient - Retry 2/3 für PSP-Aufruf, vorheriger Versuch mit Timeout nach 5000 ms
2026-07-06 11:01:12,797 ERROR [kafka-listener-0] com.mustertech.shop.config.CacheWarmup - Bestellung B-2026-820057 konnte nicht abgeschlossen werden: Zahlungsanbieter meldet Fehler 502
2026-07-06 11:03:19,508 DEBUG [http-nio-8080-exec-7] com.mustertech.shop.config.CacheWarmup - Preisberechnung für Warenkorb w-96536: 4 Positionen, 2 Rabattregeln angewendet
2026-07-06 11:04:22,758 ERROR [main] com.mustertech.shop.order.OrderService - Datenbankverbindung fehlgeschlagen, Transaktion wird zurückgerollt
org.springframework.dao.DataAccessResourceFailureException: Unable to acquire JDBC Connection
	at org.springframework.orm.jpa.vendor.HibernateJpaDialect.convertHibernateAccessException(HibernateJpaDialect.java:275)
	at com.mustertech.shop.order.OrderRepository.save(OrderRepository.java:44)
	at com.mustertech.shop.order.OrderService.placeOrder(OrderService.java:110)
Caused by: java.sql.SQLTransientConnectionException: HikariPool-1 - Connection is not available, request timed out after 30000ms
	at com.zaxxer.hikari.pool.HikariPool.createTimeoutException(HikariPool.java:696)
	at com.zaxxer.hikari.HikariDataSource.getConnection(HikariDataSource.java:181)
	... 12 more
Caused by: java.net.ConnectException: Connection refused
	at java.base/sun.nio.ch.Net.pollConnect(Native Method)
	at java.base/java.net.Socket.connect(Socket.java:751)
	... 18 more
2026-07-06 11:05:14,406 INFO [kafka-listener-0] com.mustertech.shop.inventory.StockChecker - Lagerbestand für Artikel MT-18954 aktualisiert: 42 -> 41
2026-07-06 11:07:26,656 INFO [scheduler-2] com.mustertech.shop.payment.PaymentClient - Produktkatalog-Cache aktualisiert: 12841 Artikel in 3421 ms
2026-07-06 11:09:27,916 WARN [http-nio-8080-exec-1] com.mustertech.shop.order.OrderController - Cache-Miss-Rate über 40% in den letzten 5 Minuten
2026-07-06 11:10:12,559 INFO [http-nio-8080-exec-1] com.mustertech.shop.cart.CartService - Zahlung für Bestellung B-2026-803122 autorisiert (PSP-Referenz psp_81914122)
2026-07-06 11:10:35,078 INFO [http-nio-8080-exec-1] com.mustertech.shop.cart.CartService - Lagerbestand für Artikel MT-12666 aktualisiert: 42 -> 41
2026-07-06 11:11:59,850 INFO [main] com.mustertech.shop.catalog.ProductService - Produktkatalog-Cache aktualisiert: 12841 Artikel in 3421 ms
2026-07-06 11:12:38,403 INFO [http-nio-8080-exec-4] com.mustertech.shop.order.OrderController - Bestellung B-2026-155303 an Versanddienstleister übergeben
2026-07-06 11:14:04,987 INFO [kafka-listener-0] com.mustertech.shop.inventory.StockChecker - Lagerbestand für Artikel MT-30371 aktualisiert: 42 -> 41
2026-07-06 11:14:36,174 INFO [http-nio-8080-exec-4] com.mustertech.shop.inventory.StockChecker - Kundenkonto k-25453 angemeldet
2026-07-06 11:16:47,569 WARN [main] com.mustertech.shop.order.OrderController - Deprecation: Endpoint /api/v0/produkte wird am 30.09. abgeschaltet, Aufrufer 10.20.30.88
2026-07-06 11:17:09,738 ERROR [scheduler-2] com.mustertech.shop.order.OrderService - Unerwarteter Fehler bei Bestellung B-2026-349595
java.lang.NullPointerException: Cannot invoke "com.mustertech.shop.customer.Address.getZipCode()" because the return value of "com.mustertech.shop.customer.Customer.getShippingAddress()" is null
	at com.mustertech.shop.order.OrderService.calculateShipping(OrderService.java:187)
	at com.mustertech.shop.order.OrderService.placeOrder(OrderService.java:102)
	at com.mustertech.shop.order.OrderController.create(OrderController.java:58)
	at jdk.internal.reflect.DirectMethodHandleAccessor.invoke(DirectMethodHandleAccessor.java:103)
	at org.springframework.web.method.support.InvocableHandlerMethod.doInvoke(InvocableHandlerMethod.java:255)
	at org.apache.catalina.core.ApplicationFilterChain.doFilter(ApplicationFilterChain.java:166)
	at java.base/java.lang.Thread.run(Thread.java:1583)
2026-07-06 11:18:43,059 DEBUG [scheduler-2] com.mustertech.shop.config.CacheWarmup - Preisberechnung für Warenkorb w-93541: 4 Positionen, 2 Rabattregeln angewendet
2026-07-06 11:20:37,028 INFO [kafka-listener-0] com.mustertech.shop.inventory.StockChecker - Produktkatalog-Cache aktualisiert: 12841 Artikel in 3421 ms
2026-07-06 11:21:12,653 INFO [http-nio-8080-exec-7] com.mustertech.shop.order.OrderController - Bestellung B-2026-995277 erfolgreich angelegt (3 Positionen, Summe 249,90 EUR)
2026-07-06 11:21:38,412 INFO [http-nio-8080-exec-4] com.mustertech.shop.config.CacheWarmup - Bestellung B-2026-229769 an Versanddienstleister übergeben
2026-07-06 11:23:28,664 INFO [http-nio-8080-exec-4] com.mustertech.shop.inventory.StockChecker - Zahlung für Bestellung B-2026-512498 autorisiert (PSP-Referenz psp_76336665)
2026-07-06 11:23:55,136 INFO [http-nio-8080-exec-4] com.mustertech.shop.order.OrderService - Produktkatalog-Cache aktualisiert: 12841 Artikel in 3421 ms
2026-07-06 11:25:28,275 WARN [http-nio-8080-exec-7] com.mustertech.shop.order.OrderService - Retry 2/3 für PSP-Aufruf, vorheriger Versuch mit Timeout nach 5000 ms
2026-07-06 11:27:19,861 INFO [http-nio-8080-exec-7] com.mustertech.shop.cart.CartService - Kundenkonto k-77160 angemeldet
2026-07-06 11:29:28,749 INFO [http-nio-8080-exec-7] com.mustertech.shop.payment.PaymentClient - Bestellung B-2026-343096 erfolgreich angelegt (3 Positionen, Summe 249,90 EUR)
2026-07-06 11:31:29,795 WARN [scheduler-2] com.mustertech.shop.catalog.ProductService - Deprecation: Endpoint /api/v0/produkte wird am 30.09. abgeschaltet, Aufrufer 10.20.30.59
2026-07-06 11:32:59,797 INFO [main] com.mustertech.shop.cart.CartService - Lagerbestand für Artikel MT-29295 aktualisiert: 42 -> 41
2026-07-06 11:34:16,055 WARN [kafka-listener-0] com.mustertech.shop.catalog.ProductService - Cache-Miss-Rate über 40% in den letzten 5 Minuten
2026-07-06 11:35:32,679 WARN [http-nio-8080-exec-1] com.mustertech.shop.payment.PaymentClient - Artikel MT-21098 hat negativen Sicherheitsbestand, prüfe Nachbestellung
2026-07-06 11:36:32,492 INFO [kafka-listener-0] com.mustertech.shop.config.CacheWarmup - Warenkorb w-61213 zusammengeführt nach Login
2026-07-06 11:37:11,167 INFO [http-nio-8080-exec-4] com.mustertech.shop.payment.PaymentClient - Produktkatalog-Cache aktualisiert: 12841 Artikel in 3421 ms
2026-07-06 11:39:35,671 INFO [main] com.mustertech.shop.inventory.StockChecker - Zahlung für Bestellung B-2026-455802 autorisiert (PSP-Referenz psp_66752742)
2026-07-06 11:40:01,154 INFO [kafka-listener-0] com.mustertech.shop.inventory.StockChecker - Bestellung B-2026-229866 erfolgreich angelegt (3 Positionen, Summe 249,90 EUR)
2026-07-06 11:42:16,213 INFO [kafka-listener-0] com.mustertech.shop.payment.PaymentClient - Warenkorb w-10427 zusammengeführt nach Login
2026-07-06 11:42:34,727 INFO [http-nio-8080-exec-7] com.mustertech.shop.order.OrderService - Produktkatalog-Cache aktualisiert: 12841 Artikel in 3421 ms
2026-07-06 11:44:23,472 INFO [http-nio-8080-exec-4] com.mustertech.shop.cart.CartService - Zahlung für Bestellung B-2026-811420 autorisiert (PSP-Referenz psp_22619702)
2026-07-06 11:45:15,996 INFO [kafka-listener-0] com.mustertech.shop.catalog.ProductService - Empfehlungsmodell neu geladen (Version 2026-06-30)
2026-07-06 11:47:46,814 INFO [http-nio-8080-exec-4] com.mustertech.shop.catalog.ProductService - Bestellung B-2026-722797 an Versanddienstleister übergeben
2026-07-06 11:49:44,427 INFO [http-nio-8080-exec-4] com.mustertech.shop.order.OrderController - Warenkorb w-40129 zusammengeführt nach Login
2026-07-06 11:51:45,468 INFO [main] com.mustertech.shop.payment.PaymentClient - Warenkorb w-15281 zusammengeführt nach Login
2026-07-06 11:52:26,432 INFO [main] com.mustertech.shop.inventory.StockChecker - Bestellung B-2026-520500 an Versanddienstleister übergeben
2026-07-06 11:53:56,901 INFO [http-nio-8080-exec-7] com.mustertech.shop.config.CacheWarmup - Warenkorb w-5507 zusammengeführt nach Login
2026-07-06 11:55:38,393 INFO [http-nio-8080-exec-4] com.mustertech.shop.payment.PaymentClient - Kundenkonto k-56367 angemeldet
2026-07-06 11:57:57,976 INFO [http-nio-8080-exec-1] com.mustertech.shop.config.CacheWarmup - Bestellung B-2026-193621 an Versanddienstleister übergeben
2026-07-06 12:00:20,170 INFO [scheduler-2] com.mustertech.shop.order.OrderService - Kundenkonto k-51948 angemeldet
2026-07-06 12:01:03,601 INFO [main] com.mustertech.shop.payment.PaymentClient - Kundenkonto k-33131 angemeldet
2026-07-06 12:02:12,925 INFO [kafka-listener-0] com.mustertech.shop.order.OrderService - Kundenkonto k-35563 angemeldet
2026-07-06 12:02:38,897 INFO [http-nio-8080-exec-4] com.mustertech.shop.inventory.StockChecker - Empfehlungsmodell neu geladen (Version 2026-06-30)
2026-07-06 12:04:35,369 INFO [http-nio-8080-exec-4] com.mustertech.shop.order.OrderService - Produktkatalog-Cache aktualisiert: 12841 Artikel in 3421 ms
2026-07-06 12:06:49,771 INFO [http-nio-8080-exec-7] com.mustertech.shop.order.OrderService - Bestellung B-2026-444091 an Versanddienstleister übergeben
2026-07-06 12:07:40,285 INFO [http-nio-8080-exec-1] com.mustertech.shop.order.OrderService - Bestellung B-2026-750497 erfolgreich angelegt (3 Positionen, Summe 249,90 EUR)
2026-07-06 12:09:39,592 INFO [http-nio-8080-exec-4] com.mustertech.shop.order.OrderController - Lagerbestand für Artikel MT-33509 aktualisiert: 42 -> 41
2026-07-06 12:11:30,805 WARN [kafka-listener-0] com.mustertech.shop.order.OrderService - Deprecation: Endpoint /api/v0/produkte wird am 30.09. abgeschaltet, Aufrufer 10.20.30.183
2026-07-06 12:11:54,169 INFO [http-nio-8080-exec-7] com.mustertech.shop.config.CacheWarmup - Bestellung B-2026-451526 erfolgreich angelegt (3 Positionen, Summe 249,90 EUR)
2026-07-06 12:13:57,544 INFO [http-nio-8080-exec-7] com.mustertech.shop.catalog.ProductService - Bestellung B-2026-156336 an Versanddienstleister übergeben
2026-07-06 12:16:27,788 INFO [scheduler-2] com.mustertech.shop.catalog.ProductService - Kundenkonto k-30637 angemeldet
2026-07-06 12:17:24,991 INFO [http-nio-8080-exec-1] com.mustertech.shop.order.OrderService - Bestellung B-2026-490980 an Versanddienstleister übergeben
2026-07-06 12:18:10,960 INFO [kafka-listener-0] com.mustertech.shop.catalog.ProductService - Warenkorb w-65790 zusammengeführt nach Login
2026-07-06 12:20:38,257 INFO [kafka-listener-0] com.mustertech.shop.cart.CartService - Zahlung für Bestellung B-2026-160388 autorisiert (PSP-Referenz psp_16232613)
2026-07-06 12:21:39,665 INFO [http-nio-8080-exec-1] com.mustertech.shop.catalog.ProductService - Warenkorb w-25134 zusammengeführt nach Login
2026-07-06 12:23:57,368 INFO [scheduler-2] com.mustertech.shop.order.OrderService - Zahlung für Bestellung B-2026-618932 autorisiert (PSP-Referenz psp_60395429)
2026-07-06 12:25:33,358 INFO [http-nio-8080-exec-7] com.mustertech.shop.inventory.StockChecker - Kundenkonto k-30725 angemeldet
2026-07-06 12:27:42,573 WARN [http-nio-8080-exec-4] com.mustertech.shop.config.CacheWarmup - Cache-Miss-Rate über 40% in den letzten 5 Minuten
2026-07-06 12:28:32,453 INFO [scheduler-2] com.mustertech.shop.order.OrderController - Warenkorb w-82680 zusammengeführt nach Login
2026-07-06 12:30:18,651 INFO [http-nio-8080-exec-7] com.mustertech.shop.order.OrderController - Warenkorb w-85692 zusammengeführt nach Login
2026-07-06 12:31:06,050 INFO [main] com.mustertech.shop.order.OrderController - Empfehlungsmodell neu geladen (Version 2026-06-30)
2026-07-06 12:32:04,775 ERROR [http-nio-8080-exec-1] com.mustertech.shop.payment.PaymentClient - PSP-Aufruf für Bestellung B-2026-559938 endgültig fehlgeschlagen (3/3 Versuche)
com.mustertech.shop.payment.PaymentException: Zahlungsanbieter nicht erreichbar
	at com.mustertech.shop.payment.PaymentClient.authorize(PaymentClient.java:93)
	at com.mustertech.shop.checkout.CheckoutService.completeOrder(CheckoutService.java:71)
Caused by: java.net.http.HttpTimeoutException: request timed out
	at java.net.http/jdk.internal.net.http.HttpClientImpl.send(HttpClientImpl.java:966)
	at com.mustertech.shop.payment.PaymentClient.doRequest(PaymentClient.java:141)
	... 9 more
2026-07-06 12:34:17,675 INFO [http-nio-8080-exec-4] com.mustertech.shop.order.OrderController - Empfehlungsmodell neu geladen (Version 2026-06-30)
2026-07-06 12:36:22,009 INFO [main] com.mustertech.shop.cart.CartService - Bestellung B-2026-281279 erfolgreich angelegt (3 Positionen, Summe 249,90 EUR)
2026-07-06 12:38:29,537 INFO [scheduler-2] com.mustertech.shop.inventory.StockChecker - Empfehlungsmodell neu geladen (Version 2026-06-30)
2026-07-06 12:38:47,488 INFO [scheduler-2] com.mustertech.shop.order.OrderController - Empfehlungsmodell neu geladen (Version 2026-06-30)
2026-07-06 12:40:35,833 INFO [main] com.mustertech.shop.catalog.ProductService - Lagerbestand für Artikel MT-14198 aktualisiert: 42 -> 41
2026-07-06 12:41:14,695 INFO [main] com.mustertech.shop.payment.PaymentClient - Bestellung B-2026-178344 erfolgreich angelegt (3 Positionen, Summe 249,90 EUR)
2026-07-06 12:43:34,789 INFO [scheduler-2] com.mustertech.shop.catalog.ProductService - Zahlung für Bestellung B-2026-609179 autorisiert (PSP-Referenz psp_85536301)
2026-07-06 12:46:07,405 INFO [kafka-listener-0] com.mustertech.shop.order.OrderService - Produktkatalog-Cache aktualisiert: 12841 Artikel in 3421 ms
2026-07-06 12:47:06,842 INFO [kafka-listener-0] com.mustertech.shop.payment.PaymentClient - Kundenkonto k-19483 angemeldet
2026-07-06 12:48:01,583 INFO [http-nio-8080-exec-1] com.mustertech.shop.order.OrderService - Produktkatalog-Cache aktualisiert: 12841 Artikel in 3421 ms
2026-07-06 12:49:14,013 INFO [main] com.mustertech.shop.inventory.StockChecker - Bestellung B-2026-123644 an Versanddienstleister übergeben
2026-07-06 12:50:17,417 INFO [http-nio-8080-exec-1] com.mustertech.shop.config.CacheWarmup - Produktkatalog-Cache aktualisiert: 12841 Artikel in 3421 ms
2026-07-06 12:51:10,138 INFO [http-nio-8080-exec-1] com.mustertech.shop.inventory.StockChecker - Zahlung für Bestellung B-2026-787350 autorisiert (PSP-Referenz psp_88404626)
2026-07-06 12:52:41,607 INFO [http-nio-8080-exec-4] com.mustertech.shop.config.CacheWarmup - Lagerbestand für Artikel MT-19762 aktualisiert: 42 -> 41
2026-07-06 12:53:30,275 WARN [scheduler-2] com.mustertech.shop.config.CacheWarmup - Deprecation: Endpoint /api/v0/produkte wird am 30.09. abgeschaltet, Aufrufer 10.20.30.109
2026-07-06 12:55:12,113 INFO [scheduler-2] com.mustertech.shop.cart.CartService - Produktkatalog-Cache aktualisiert: 12841 Artikel in 3421 ms
2026-07-06 12:57:45,085 ERROR [main] com.mustertech.shop.config.CacheWarmup - Bestellung B-2026-284986 konnte nicht abgeschlossen werden: Zahlungsanbieter meldet Fehler 502
2026-07-06 13:00:03,791 WARN [http-nio-8080-exec-1] com.mustertech.shop.inventory.StockChecker - Deprecation: Endpoint /api/v0/produkte wird am 30.09. abgeschaltet, Aufrufer 10.20.30.73
2026-07-06 13:00:53,117 INFO [http-nio-8080-exec-4] com.mustertech.shop.inventory.StockChecker - Zahlung für Bestellung B-2026-449155 autorisiert (PSP-Referenz psp_17937807)
2026-07-06 13:01:35,714 INFO [scheduler-2] com.mustertech.shop.cart.CartService - Empfehlungsmodell neu geladen (Version 2026-06-30)
2026-07-06 13:02:00,161 INFO [http-nio-8080-exec-1] com.mustertech.shop.inventory.StockChecker - Zahlung für Bestellung B-2026-645362 autorisiert (PSP-Referenz psp_98539649)
2026-07-06 13:03:43,188 INFO [scheduler-2] com.mustertech.shop.inventory.StockChecker - Zahlung für Bestellung B-2026-910818 autorisiert (PSP-Referenz psp_29938950)
2026-07-06 13:04:42,265 INFO [scheduler-2] com.mustertech.shop.order.OrderController - Warenkorb w-80044 zusammengeführt nach Login
2026-07-06 13:05:57,122 WARN [scheduler-2] com.mustertech.shop.payment.PaymentClient - Cache-Miss-Rate über 40% in den letzten 5 Minuten
2026-07-06 13:07:01,684 INFO [http-nio-8080-exec-1] com.mustertech.shop.cart.CartService - Produktkatalog-Cache aktualisiert: 12841 Artikel in 3421 ms
2026-07-06 13:09:19,677 INFO [http-nio-8080-exec-1] com.mustertech.shop.payment.PaymentClient - Kundenkonto k-14866 angemeldet
2026-07-06 13:11:54,129 INFO [scheduler-2] com.mustertech.shop.cart.CartService - Empfehlungsmodell neu geladen (Version 2026-06-30)
2026-07-06 13:12:47,647 WARN [http-nio-8080-exec-7] com.mustertech.shop.payment.PaymentClient - Cache-Miss-Rate über 40% in den letzten 5 Minuten
2026-07-06 13:14:12,442 INFO [http-nio-8080-exec-1] com.mustertech.shop.order.OrderService - Bestellung B-2026-490169 an Versanddienstleister übergeben
2026-07-06 13:14:52,633 INFO [scheduler-2] com.mustertech.shop.config.CacheWarmup - Bestellung B-2026-619953 an Versanddienstleister übergeben
2026-07-06 13:15:34,775 INFO [http-nio-8080-exec-4] com.mustertech.shop.order.OrderService - Zahlung für Bestellung B-2026-895456 autorisiert (PSP-Referenz psp_64414646)
2026-07-06 13:17:59,956 INFO [http-nio-8080-exec-1] com.mustertech.shop.catalog.ProductService - Bestellung B-2026-830542 erfolgreich angelegt (3 Positionen, Summe 249,90 EUR)
2026-07-06 13:20:14,279 WARN [http-nio-8080-exec-7] com.mustertech.shop.inventory.StockChecker - Langsame Datenbankabfrage: findOrdersByCustomer dauerte 2841 ms (Schwellwert 1000 ms)
2026-07-06 13:22:26,913 WARN [kafka-listener-0] com.mustertech.shop.payment.PaymentClient - Retry 2/3 für PSP-Aufruf, vorheriger Versuch mit Timeout nach 5000 ms
2026-07-06 13:23:44,259 INFO [http-nio-8080-exec-7] com.mustertech.shop.inventory.StockChecker - Bestellung B-2026-183727 an Versanddienstleister übergeben
2026-07-06 13:25:11,482 INFO [http-nio-8080-exec-1] com.mustertech.shop.config.CacheWarmup - Warenkorb w-62002 zusammengeführt nach Login
2026-07-06 13:26:24,921 INFO [http-nio-8080-exec-4] com.mustertech.shop.order.OrderController - Lagerbestand für Artikel MT-34298 aktualisiert: 42 -> 41
2026-07-06 13:26:42,922 INFO [main] com.mustertech.shop.inventory.StockChecker - Produktkatalog-Cache aktualisiert: 12841 Artikel in 3421 ms
2026-07-06 13:27:05,970 WARN [http-nio-8080-exec-7] com.mustertech.shop.payment.PaymentClient - Cache-Miss-Rate über 40% in den letzten 5 Minuten
2026-07-06 13:28:35,295 WARN [scheduler-2] com.mustertech.shop.catalog.ProductService - Deprecation: Endpoint /api/v0/produkte wird am 30.09. abgeschaltet, Aufrufer 10.20.30.19
2026-07-06 13:28:55,098 INFO [scheduler-2] com.mustertech.shop.inventory.StockChecker - Warenkorb w-20294 zusammengeführt nach Login
2026-07-06 13:30:29,656 WARN [http-nio-8080-exec-7] com.mustertech.shop.cart.CartService - Cache-Miss-Rate über 40% in den letzten 5 Minuten
2026-07-06 13:32:37,767 INFO [scheduler-2] com.mustertech.shop.order.OrderService - Warenkorb w-92052 zusammengeführt nach Login
2026-07-06 13:33:24,104 ERROR [http-nio-8080-exec-1] com.mustertech.shop.order.OrderService - Datenbankverbindung fehlgeschlagen, Transaktion wird zurückgerollt
org.springframework.dao.DataAccessResourceFailureException: Unable to acquire JDBC Connection
	at org.springframework.orm.jpa.vendor.HibernateJpaDialect.convertHibernateAccessException(HibernateJpaDialect.java:275)
	at com.mustertech.shop.order.OrderRepository.save(OrderRepository.java:44)
	at com.mustertech.shop.order.OrderService.placeOrder(OrderService.java:110)
Caused by: java.sql.SQLTransientConnectionException: HikariPool-1 - Connection is not available, request timed out after 30000ms
	at com.zaxxer.hikari.pool.HikariPool.createTimeoutException(HikariPool.java:696)
	at com.zaxxer.hikari.HikariDataSource.getConnection(HikariDataSource.java:181)
	... 12 more
Caused by: java.net.ConnectException: Connection refused
	at java.base/sun.nio.ch.Net.pollConnect(Native Method)
	at java.base/java.net.Socket.connect(Socket.java:751)
	... 18 more
2026-07-06 13:33:50,210 WARN [kafka-listener-0] com.mustertech.shop.order.OrderService - Langsame Datenbankabfrage: findOrdersByCustomer dauerte 2841 ms (Schwellwert 1000 ms)
2026-07-06 13:34:16,101 INFO [kafka-listener-0] com.mustertech.shop.order.OrderService - Zahlung für Bestellung B-2026-813416 autorisiert (PSP-Referenz psp_93495496)
2026-07-06 13:35:27,965 INFO [kafka-listener-0] com.mustertech.shop.catalog.ProductService - Warenkorb w-33634 zusammengeführt nach Login
2026-07-06 13:37:46,341 INFO [scheduler-2] com.mustertech.shop.config.CacheWarmup - Lagerbestand für Artikel MT-10828 aktualisiert: 42 -> 41
2026-07-06 13:38:55,746 INFO [http-nio-8080-exec-7] com.mustertech.shop.config.CacheWarmup - Zahlung für Bestellung B-2026-669525 autorisiert (PSP-Referenz psp_73882976)
2026-07-06 13:40:52,252 WARN [http-nio-8080-exec-4] com.mustertech.shop.payment.PaymentClient - Langsame Datenbankabfrage: findOrdersByCustomer dauerte 2841 ms (Schwellwert 1000 ms)
2026-07-06 13:42:35,729 INFO [kafka-listener-0] com.mustertech.shop.payment.PaymentClient - Warenkorb w-47302 zusammengeführt nach Login
2026-07-06 13:43:35,303 DEBUG [scheduler-2] com.mustertech.shop.catalog.ProductService - Preisberechnung für Warenkorb w-8546: 4 Positionen, 2 Rabattregeln angewendet
2026-07-06 13:45:09,460 INFO [main] com.mustertech.shop.catalog.ProductService - Lagerbestand für Artikel MT-13654 aktualisiert: 42 -> 41
2026-07-06 13:47:38,548 INFO [http-nio-8080-exec-1] com.mustertech.shop.config.CacheWarmup - Zahlung für Bestellung B-2026-805863 autorisiert (PSP-Referenz psp_38904155)
2026-07-06 13:48:03,496 INFO [http-nio-8080-exec-4] com.mustertech.shop.order.OrderController - Kundenkonto k-66910 angemeldet
2026-07-06 13:49:25,130 INFO [http-nio-8080-exec-7] com.mustertech.shop.inventory.StockChecker - Bestellung B-2026-789163 an Versanddienstleister übergeben
2026-07-06 13:49:51,291 INFO [kafka-listener-0] com.mustertech.shop.config.CacheWarmup - Bestellung B-2026-176675 an Versanddienstleister übergeben
2026-07-06 13:50:08,596 INFO [http-nio-8080-exec-7] com.mustertech.shop.payment.PaymentClient - Zahlung für Bestellung B-2026-858268 autorisiert (PSP-Referenz psp_66471315)
2026-07-06 13:51:51,877 INFO [http-nio-8080-exec-1] com.mustertech.shop.cart.CartService - Produktkatalog-Cache aktualisiert: 12841 Artikel in 3421 ms
2026-07-06 13:53:34,487 INFO [http-nio-8080-exec-4] com.mustertech.shop.config.CacheWarmup - Warenkorb w-28927 zusammengeführt nach Login
2026-07-06 13:54:48,000 INFO [scheduler-2] com.mustertech.shop.order.OrderController - Bestellung B-2026-421144 erfolgreich angelegt (3 Positionen, Summe 249,90 EUR)
2026-07-06 13:56:32,783 INFO [main] com.mustertech.shop.catalog.ProductService - Empfehlungsmodell neu geladen (Version 2026-06-30)
2026-07-06 13:57:20,131 INFO [http-nio-8080-exec-1] com.mustertech.shop.config.CacheWarmup - Bestellung B-2026-340463 erfolgreich angelegt (3 Positionen, Summe 249,90 EUR)
2026-07-06 13:59:36,726 INFO [main] com.mustertech.shop.order.OrderController - Empfehlungsmodell neu geladen (Version 2026-06-30)
2026-07-06 14:00:37,611 INFO [scheduler-2] com.mustertech.shop.inventory.StockChecker - Produktkatalog-Cache aktualisiert: 12841 Artikel in 3421 ms
2026-07-06 14:01:53,336 INFO [http-nio-8080-exec-4] com.mustertech.shop.catalog.ProductService - Zahlung für Bestellung B-2026-722823 autorisiert (PSP-Referenz psp_55869545)
2026-07-06 14:02:18,132 INFO [http-nio-8080-exec-4] com.mustertech.shop.config.CacheWarmup - Produktkatalog-Cache aktualisiert: 12841 Artikel in 3421 ms
2026-07-06 14:03:16,223 INFO [main] com.mustertech.shop.config.CacheWarmup - Bestellung B-2026-654997 erfolgreich angelegt (3 Positionen, Summe 249,90 EUR)
2026-07-06 14:05:31,897 INFO [http-nio-8080-exec-4] com.mustertech.shop.catalog.ProductService - Bestellung B-2026-799018 erfolgreich angelegt (3 Positionen, Summe 249,90 EUR)
2026-07-06 14:07:55,529 WARN [http-nio-8080-exec-4] com.mustertech.shop.inventory.StockChecker - Cache-Miss-Rate über 40% in den letzten 5 Minuten
2026-07-06 14:10:03,397 DEBUG [kafka-listener-0] com.mustertech.shop.order.OrderService - Preisberechnung für Warenkorb w-72783: 4 Positionen, 2 Rabattregeln angewendet
2026-07-06 14:11:00,886 INFO [http-nio-8080-exec-4] com.mustertech.shop.config.CacheWarmup - Empfehlungsmodell neu geladen (Version 2026-06-30)
2026-07-06 14:12:00,879 INFO [main] com.mustertech.shop.inventory.StockChecker - Lagerbestand für Artikel MT-22404 aktualisiert: 42 -> 41
2026-07-06 14:12:35,700 WARN [http-nio-8080-exec-4] com.mustertech.shop.order.OrderService - Langsame Datenbankabfrage: findOrdersByCustomer dauerte 2841 ms (Schwellwert 1000 ms)
2026-07-06 14:13:01,175 INFO [main] com.mustertech.shop.inventory.StockChecker - Zahlung für Bestellung B-2026-941413 autorisiert (PSP-Referenz psp_32687328)
2026-07-06 14:14:17,087 INFO [scheduler-2] com.mustertech.shop.order.OrderController - Zahlung für Bestellung B-2026-346692 autorisiert (PSP-Referenz psp_67475274)
2026-07-06 14:14:46,705 INFO [main] com.mustertech.shop.inventory.StockChecker - Bestellung B-2026-604347 an Versanddienstleister übergeben
2026-07-06 14:15:41,714 INFO [http-nio-8080-exec-1] com.mustertech.shop.payment.PaymentClient - Bestellung B-2026-811519 erfolgreich angelegt (3 Positionen, Summe 249,90 EUR)
2026-07-06 14:16:43,040 INFO [http-nio-8080-exec-1] com.mustertech.shop.order.OrderService - Bestellung B-2026-391613 an Versanddienstleister übergeben
2026-07-06 14:18:05,097 INFO [http-nio-8080-exec-7] com.mustertech.shop.payment.PaymentClient - Produktkatalog-Cache aktualisiert: 12841 Artikel in 3421 ms
2026-07-06 14:18:30,032 INFO [scheduler-2] com.mustertech.shop.config.CacheWarmup - Bestellung B-2026-737654 an Versanddienstleister übergeben
2026-07-06 14:19:19,269 INFO [http-nio-8080-exec-4] com.mustertech.shop.order.OrderController - Produktkatalog-Cache aktualisiert: 12841 Artikel in 3421 ms
2026-07-06 14:19:54,672 INFO [http-nio-8080-exec-4] com.mustertech.shop.cart.CartService - Zahlung für Bestellung B-2026-995683 autorisiert (PSP-Referenz psp_19808587)
2026-07-06 14:21:12,539 INFO [http-nio-8080-exec-4] com.mustertech.shop.payment.PaymentClient - Warenkorb w-22491 zusammengeführt nach Login
2026-07-06 14:22:10,222 INFO [main] com.mustertech.shop.inventory.StockChecker - Produktkatalog-Cache aktualisiert: 12841 Artikel in 3421 ms
2026-07-06 14:22:34,822 DEBUG [http-nio-8080-exec-4] com.mustertech.shop.inventory.StockChecker - Preisberechnung für Warenkorb w-89928: 4 Positionen, 2 Rabattregeln angewendet
2026-07-06 14:23:42,952 WARN [http-nio-8080-exec-1] com.mustertech.shop.order.OrderService - Deprecation: Endpoint /api/v0/produkte wird am 30.09. abgeschaltet, Aufrufer 10.20.30.163
2026-07-06 14:25:08,418 INFO [kafka-listener-0] com.mustertech.shop.order.OrderService - Produktkatalog-Cache aktualisiert: 12841 Artikel in 3421 ms
2026-07-06 14:25:56,072 INFO [kafka-listener-0] com.mustertech.shop.order.OrderController - Produktkatalog-Cache aktualisiert: 12841 Artikel in 3421 ms
2026-07-06 14:27:56,858 DEBUG [http-nio-8080-exec-7] com.mustertech.shop.config.CacheWarmup - Preisberechnung für Warenkorb w-24961: 4 Positionen, 2 Rabattregeln angewendet
2026-07-06 14:30:01,247 WARN [http-nio-8080-exec-1] com.mustertech.shop.order.OrderController - Artikel MT-39883 hat negativen Sicherheitsbestand, prüfe Nachbestellung
2026-07-06 14:30:25,097 INFO [main] com.mustertech.shop.catalog.ProductService - Produktkatalog-Cache aktualisiert: 12841 Artikel in 3421 ms
2026-07-06 14:31:02,946 WARN [http-nio-8080-exec-4] com.mustertech.shop.catalog.ProductService - Cache-Miss-Rate über 40% in den letzten 5 Minuten
2026-07-06 14:32:11,249 DEBUG [kafka-listener-0] com.mustertech.shop.config.CacheWarmup - Preisberechnung für Warenkorb w-80348: 4 Positionen, 2 Rabattregeln angewendet
2026-07-06 14:33:26,572 INFO [scheduler-2] com.mustertech.shop.catalog.ProductService - Warenkorb w-36742 zusammengeführt nach Login
2026-07-06 14:35:24,487 WARN [http-nio-8080-exec-4] com.mustertech.shop.catalog.ProductService - Deprecation: Endpoint /api/v0/produkte wird am 30.09. abgeschaltet, Aufrufer 10.20.30.176
2026-07-06 14:36:57,134 INFO [kafka-listener-0] com.mustertech.shop.order.OrderController - Bestellung B-2026-318665 an Versanddienstleister übergeben
2026-07-06 14:38:01,007 INFO [main] com.mustertech.shop.cart.CartService - Lagerbestand für Artikel MT-25035 aktualisiert: 42 -> 41
2026-07-06 14:38:49,383 INFO [http-nio-8080-exec-7] com.mustertech.shop.order.OrderController - Zahlung für Bestellung B-2026-588464 autorisiert (PSP-Referenz psp_66854999)
2026-07-06 14:40:46,154 INFO [kafka-listener-0] com.mustertech.shop.catalog.ProductService - Warenkorb w-12933 zusammengeführt nach Login
2026-07-06 14:42:03,336 INFO [scheduler-2] com.mustertech.shop.order.OrderService - Empfehlungsmodell neu geladen (Version 2026-06-30)
2026-07-06 14:43:43,995 INFO [main] com.mustertech.shop.config.CacheWarmup - Bestellung B-2026-842254 an Versanddienstleister übergeben
2026-07-06 14:45:34,375 INFO [http-nio-8080-exec-1] com.mustertech.shop.cart.CartService - Zahlung für Bestellung B-2026-675858 autorisiert (PSP-Referenz psp_18567129)
2026-07-06 14:47:12,156 INFO [http-nio-8080-exec-4] com.mustertech.shop.cart.CartService - Bestellung B-2026-315007 erfolgreich angelegt (3 Positionen, Summe 249,90 EUR)
2026-07-06 14:49:19,254 INFO [http-nio-8080-exec-1] com.mustertech.shop.config.CacheWarmup - Lagerbestand für Artikel MT-25859 aktualisiert: 42 -> 41
2026-07-06 14:49:52,841 INFO [scheduler-2] com.mustertech.shop.catalog.ProductService - Bestellung B-2026-841062 an Versanddienstleister übergeben
2026-07-06 14:51:40,318 INFO [kafka-listener-0] com.mustertech.shop.order.OrderController - Lagerbestand für Artikel MT-30546 aktualisiert: 42 -> 41
2026-07-06 14:53:33,385 WARN [http-nio-8080-exec-7] com.mustertech.shop.order.OrderService - Langsame Datenbankabfrage: findOrdersByCustomer dauerte 2841 ms (Schwellwert 1000 ms)
2026-07-06 14:56:02,122 INFO [kafka-listener-0] com.mustertech.shop.order.OrderService - Empfehlungsmodell neu geladen (Version 2026-06-30)
2026-07-06 14:56:46,038 INFO [main] com.mustertech.shop.catalog.ProductService - Empfehlungsmodell neu geladen (Version 2026-06-30)
2026-07-06 14:58:33,532 WARN [kafka-listener-0] com.mustertech.shop.cart.CartService - Retry 2/3 für PSP-Aufruf, vorheriger Versuch mit Timeout nach 5000 ms
2026-07-06 15:00:57,794 INFO [http-nio-8080-exec-1] com.mustertech.shop.payment.PaymentClient - Zahlung für Bestellung B-2026-575528 autorisiert (PSP-Referenz psp_38940250)
2026-07-06 15:02:45,566 INFO [kafka-listener-0] com.mustertech.shop.inventory.StockChecker - Lagerbestand für Artikel MT-21764 aktualisiert: 42 -> 41
2026-07-06 15:05:12,565 INFO [main] com.mustertech.shop.order.OrderService - Empfehlungsmodell neu geladen (Version 2026-06-30)
2026-07-06 15:06:11,113 INFO [kafka-listener-0] com.mustertech.shop.payment.PaymentClient - Bestellung B-2026-820360 an Versanddienstleister übergeben
2026-07-06 15:07:54,370 INFO [http-nio-8080-exec-4] com.mustertech.shop.order.OrderService - Warenkorb w-82543 zusammengeführt nach Login
2026-07-06 15:10:25,786 INFO [scheduler-2] com.mustertech.shop.payment.PaymentClient - Kundenkonto k-60664 angemeldet
2026-07-06 15:12:06,302 INFO [main] com.mustertech.shop.cart.CartService - Bestellung B-2026-638085 erfolgreich angelegt (3 Positionen, Summe 249,90 EUR)
2026-07-06 15:13:21,608 ERROR [main] com.mustertech.shop.config.CacheWarmup - Bestellung B-2026-603107 konnte nicht abgeschlossen werden: Zahlungsanbieter meldet Fehler 502
2026-07-06 15:15:18,484 INFO [main] com.mustertech.shop.payment.PaymentClient - Warenkorb w-48507 zusammengeführt nach Login
2026-07-06 15:16:26,055 INFO [scheduler-2] com.mustertech.shop.order.OrderController - Produktkatalog-Cache aktualisiert: 12841 Artikel in 3421 ms
2026-07-06 15:17:52,317 INFO [http-nio-8080-exec-4] com.mustertech.shop.cart.CartService - Empfehlungsmodell neu geladen (Version 2026-06-30)
2026-07-06 15:19:16,719 INFO [main] com.mustertech.shop.cart.CartService - Produktkatalog-Cache aktualisiert: 12841 Artikel in 3421 ms
2026-07-06 15:20:44,132 INFO [http-nio-8080-exec-1] com.mustertech.shop.catalog.ProductService - Bestellung B-2026-559141 an Versanddienstleister übergeben
2026-07-06 15:21:29,383 INFO [http-nio-8080-exec-4] com.mustertech.shop.catalog.ProductService - Bestellung B-2026-271075 erfolgreich angelegt (3 Positionen, Summe 249,90 EUR)
2026-07-06 15:24:02,061 WARN [main] com.mustertech.shop.order.OrderController - Cache-Miss-Rate über 40% in den letzten 5 Minuten
2026-07-06 15:24:32,592 INFO [http-nio-8080-exec-4] com.mustertech.shop.payment.PaymentClient - Produktkatalog-Cache aktualisiert: 12841 Artikel in 3421 ms
2026-07-06 15:26:34,195 INFO [scheduler-2] com.mustertech.shop.catalog.ProductService - Bestellung B-2026-857633 erfolgreich angelegt (3 Positionen, Summe 249,90 EUR)
2026-07-06 15:27:55,014 INFO [http-nio-8080-exec-4] com.mustertech.shop.cart.CartService - Produktkatalog-Cache aktualisiert: 12841 Artikel in 3421 ms
2026-07-06 15:29:31,696 INFO [kafka-listener-0] com.mustertech.shop.order.OrderController - Produktkatalog-Cache aktualisiert: 12841 Artikel in 3421 ms
2026-07-06 15:29:56,813 INFO [kafka-listener-0] com.mustertech.shop.payment.PaymentClient - Produktkatalog-Cache aktualisiert: 12841 Artikel in 3421 ms
2026-07-06 15:30:50,963 INFO [http-nio-8080-exec-1] com.mustertech.shop.cart.CartService - Bestellung B-2026-728356 erfolgreich angelegt (3 Positionen, Summe 249,90 EUR)
2026-07-06 15:32:18,235 WARN [http-nio-8080-exec-1] com.mustertech.shop.inventory.StockChecker - Langsame Datenbankabfrage: findOrdersByCustomer dauerte 2841 ms (Schwellwert 1000 ms)
2026-07-06 15:33:41,997 INFO [main] com.mustertech.shop.catalog.ProductService - Kundenkonto k-95963 angemeldet
2026-07-06 15:34:05,982 INFO [kafka-listener-0] com.mustertech.shop.cart.CartService - Bestellung B-2026-609286 erfolgreich angelegt (3 Positionen, Summe 249,90 EUR)
2026-07-06 15:34:32,359 WARN [http-nio-8080-exec-7] com.mustertech.shop.order.OrderService - Cache-Miss-Rate über 40% in den letzten 5 Minuten
2026-07-06 15:36:03,208 INFO [scheduler-2] com.mustertech.shop.catalog.ProductService - Bestellung B-2026-857637 an Versanddienstleister übergeben
2026-07-06 15:38:27,058 INFO [http-nio-8080-exec-1] com.mustertech.shop.order.OrderService - Warenkorb w-76225 zusammengeführt nach Login
2026-07-06 15:39:48,973 INFO [http-nio-8080-exec-1] com.mustertech.shop.config.CacheWarmup - Produktkatalog-Cache aktualisiert: 12841 Artikel in 3421 ms
2026-07-06 15:41:43,478 INFO [scheduler-2] com.mustertech.shop.order.OrderController - Empfehlungsmodell neu geladen (Version 2026-06-30)
2026-07-06 15:43:14,616 INFO [http-nio-8080-exec-4] com.mustertech.shop.order.OrderController - Kundenkonto k-70677 angemeldet
2026-07-06 15:44:03,859 INFO [http-nio-8080-exec-7] com.mustertech.shop.order.OrderController - Produktkatalog-Cache aktualisiert: 12841 Artikel in 3421 ms
2026-07-06 15:46:30,294 INFO [scheduler-2] com.mustertech.shop.catalog.ProductService - Kundenkonto k-57149 angemeldet
2026-07-06 15:47:52,132 INFO [http-nio-8080-exec-7] com.mustertech.shop.catalog.ProductService - Bestellung B-2026-178275 an Versanddienstleister übergeben
2026-07-06 15:50:26,503 INFO [scheduler-2] com.mustertech.shop.config.CacheWarmup - Kundenkonto k-28704 angemeldet
2026-07-06 15:51:18,787 INFO [kafka-listener-0] com.mustertech.shop.catalog.ProductService - Bestellung B-2026-913718 erfolgreich angelegt (3 Positionen, Summe 249,90 EUR)
2026-07-06 15:53:15,152 INFO [http-nio-8080-exec-4] com.mustertech.shop.catalog.ProductService - Produktkatalog-Cache aktualisiert: 12841 Artikel in 3421 ms
2026-07-06 15:54:22,083 WARN [scheduler-2] com.mustertech.shop.order.OrderService - Cache-Miss-Rate über 40% in den letzten 5 Minuten
2026-07-06 15:56:53,631 INFO [main] com.mustertech.shop.inventory.StockChecker - Warenkorb w-67099 zusammengeführt nach Login
2026-07-06 15:57:20,943 INFO [main] com.mustertech.shop.payment.PaymentClient - Zahlung für Bestellung B-2026-728847 autorisiert (PSP-Referenz psp_41362885)
2026-07-06 15:58:52,171 INFO [scheduler-2] com.mustertech.shop.order.OrderService - Zahlung für Bestellung B-2026-819255 autorisiert (PSP-Referenz psp_99787544)
2026-07-06 16:01:01,985 INFO [http-nio-8080-exec-7] com.mustertech.shop.config.CacheWarmup - Produktkatalog-Cache aktualisiert: 12841 Artikel in 3421 ms
2026-07-06 16:02:40,514 INFO [main] com.mustertech.shop.catalog.ProductService - Warenkorb w-16926 zusammengeführt nach Login
2026-07-06 16:04:44,794 ERROR [main] com.mustertech.shop.inventory.StockChecker - Bestellung B-2026-937690 konnte nicht abgeschlossen werden: Zahlungsanbieter meldet Fehler 502
2026-07-06 16:05:34,880 DEBUG [http-nio-8080-exec-7] com.mustertech.shop.catalog.ProductService - Preisberechnung für Warenkorb w-4737: 4 Positionen, 2 Rabattregeln angewendet
2026-07-06 16:07:50,728 DEBUG [http-nio-8080-exec-7] com.mustertech.shop.payment.PaymentClient - Preisberechnung für Warenkorb w-63665: 4 Positionen, 2 Rabattregeln angewendet
2026-07-06 16:10:20,966 DEBUG [scheduler-2] com.mustertech.shop.inventory.StockChecker - Preisberechnung für Warenkorb w-71045: 4 Positionen, 2 Rabattregeln angewendet
2026-07-06 16:10:42,718 DEBUG [http-nio-8080-exec-4] com.mustertech.shop.order.OrderController - Preisberechnung für Warenkorb w-33453: 4 Positionen, 2 Rabattregeln angewendet
2026-07-06 16:12:57,367 INFO [http-nio-8080-exec-1] com.mustertech.shop.order.OrderService - Empfehlungsmodell neu geladen (Version 2026-06-30)
2026-07-06 16:14:23,366 INFO [scheduler-2] com.mustertech.shop.payment.PaymentClient - Kundenkonto k-14127 angemeldet
2026-07-06 16:16:09,948 INFO [kafka-listener-0] com.mustertech.shop.inventory.StockChecker - Zahlung für Bestellung B-2026-300891 autorisiert (PSP-Referenz psp_55926292)
2026-07-06 16:18:11,708 INFO [main] com.mustertech.shop.config.CacheWarmup - Lagerbestand für Artikel MT-39981 aktualisiert: 42 -> 41
2026-07-06 16:18:29,748 INFO [http-nio-8080-exec-7] com.mustertech.shop.order.OrderService - Zahlung für Bestellung B-2026-680085 autorisiert (PSP-Referenz psp_18922702)
2026-07-06 16:19:18,710 WARN [http-nio-8080-exec-1] com.mustertech.shop.inventory.StockChecker - Cache-Miss-Rate über 40% in den letzten 5 Minuten
2026-07-06 16:20:26,113 INFO [http-nio-8080-exec-1] com.mustertech.shop.order.OrderController - Kundenkonto k-23995 angemeldet
2026-07-06 16:22:51,223 INFO [http-nio-8080-exec-1] com.mustertech.shop.config.CacheWarmup - Zahlung für Bestellung B-2026-747391 autorisiert (PSP-Referenz psp_21603989)
2026-07-06 16:23:51,825 INFO [kafka-listener-0] com.mustertech.shop.config.CacheWarmup - Lagerbestand für Artikel MT-25833 aktualisiert: 42 -> 41
2026-07-06 16:25:47,070 WARN [http-nio-8080-exec-1] com.mustertech.shop.config.CacheWarmup - Langsame Datenbankabfrage: findOrdersByCustomer dauerte 2841 ms (Schwellwert 1000 ms)
2026-07-06 16:27:47,093 INFO [main] com.mustertech.shop.catalog.ProductService - Zahlung für Bestellung B-2026-128725 autorisiert (PSP-Referenz psp_93349545)
2026-07-06 16:28:45,139 INFO [http-nio-8080-exec-1] com.mustertech.shop.order.OrderService - Produktkatalog-Cache aktualisiert: 12841 Artikel in 3421 ms
2026-07-06 16:29:49,177 INFO [http-nio-8080-exec-7] com.mustertech.shop.inventory.StockChecker - Empfehlungsmodell neu geladen (Version 2026-06-30)
2026-07-06 16:31:53,806 INFO [http-nio-8080-exec-7] com.mustertech.shop.config.CacheWarmup - Bestellung B-2026-595965 erfolgreich angelegt (3 Positionen, Summe 249,90 EUR)
2026-07-06 16:34:08,335 INFO [http-nio-8080-exec-4] com.mustertech.shop.order.OrderController - Warenkorb w-84920 zusammengeführt nach Login
2026-07-06 16:35:30,803 INFO [kafka-listener-0] com.mustertech.shop.inventory.StockChecker - Zahlung für Bestellung B-2026-731405 autorisiert (PSP-Referenz psp_12977086)
2026-07-06 16:36:47,643 INFO [kafka-listener-0] com.mustertech.shop.catalog.ProductService - Empfehlungsmodell neu geladen (Version 2026-06-30)
2026-07-06 16:38:12,971 ERROR [scheduler-2] com.mustertech.shop.payment.PaymentClient - Bestellung B-2026-557295 konnte nicht abgeschlossen werden: Zahlungsanbieter meldet Fehler 502
2026-07-06 16:39:03,083 ERROR [scheduler-2] com.mustertech.shop.order.OrderService - Datenbankverbindung fehlgeschlagen, Transaktion wird zurückgerollt
org.springframework.dao.DataAccessResourceFailureException: Unable to acquire JDBC Connection
	at org.springframework.orm.jpa.vendor.HibernateJpaDialect.convertHibernateAccessException(HibernateJpaDialect.java:275)
	at com.mustertech.shop.order.OrderRepository.save(OrderRepository.java:44)
	at com.mustertech.shop.order.OrderService.placeOrder(OrderService.java:110)
Caused by: java.sql.SQLTransientConnectionException: HikariPool-1 - Connection is not available, request timed out after 30000ms
	at com.zaxxer.hikari.pool.HikariPool.createTimeoutException(HikariPool.java:696)
	at com.zaxxer.hikari.HikariDataSource.getConnection(HikariDataSource.java:181)
	... 12 more
Caused by: java.net.ConnectException: Connection refused
	at java.base/sun.nio.ch.Net.pollConnect(Native Method)
	at java.base/java.net.Socket.connect(Socket.java:751)
	... 18 more
2026-07-06 16:39:25,368 INFO [http-nio-8080-exec-7] com.mustertech.shop.config.CacheWarmup - Lagerbestand für Artikel MT-10922 aktualisiert: 42 -> 41
2026-07-06 16:40:05,991 INFO [kafka-listener-0] com.mustertech.shop.catalog.ProductService - Lagerbestand für Artikel MT-29964 aktualisiert: 42 -> 41
2026-07-06 16:41:56,497 INFO [main] com.mustertech.shop.order.OrderService - Zahlung für Bestellung B-2026-680536 autorisiert (PSP-Referenz psp_34243927)
2026-07-06 16:43:49,432 ERROR [http-nio-8080-exec-1] com.mustertech.shop.order.OrderService - Unerwarteter Fehler bei Bestellung B-2026-733754
java.lang.NullPointerException: Cannot invoke "com.mustertech.shop.customer.Address.getZipCode()" because the return value of "com.mustertech.shop.customer.Customer.getShippingAddress()" is null
	at com.mustertech.shop.order.OrderService.calculateShipping(OrderService.java:187)
	at com.mustertech.shop.order.OrderService.placeOrder(OrderService.java:102)
	at com.mustertech.shop.order.OrderController.create(OrderController.java:58)
	at jdk.internal.reflect.DirectMethodHandleAccessor.invoke(DirectMethodHandleAccessor.java:103)
	at org.springframework.web.method.support.InvocableHandlerMethod.doInvoke(InvocableHandlerMethod.java:255)
	at org.apache.catalina.core.ApplicationFilterChain.doFilter(ApplicationFilterChain.java:166)
	at java.base/java.lang.Thread.run(Thread.java:1583)
2026-07-06 16:45:34,726 INFO [kafka-listener-0] com.mustertech.shop.inventory.StockChecker - Bestellung B-2026-359911 erfolgreich angelegt (3 Positionen, Summe 249,90 EUR)
2026-07-06 16:47:21,101 WARN [scheduler-2] com.mustertech.shop.cart.CartService - Artikel MT-37917 hat negativen Sicherheitsbestand, prüfe Nachbestellung
2026-07-06 16:48:34,113 INFO [scheduler-2] com.mustertech.shop.cart.CartService - Lagerbestand für Artikel MT-16714 aktualisiert: 42 -> 41
2026-07-06 16:49:27,399 INFO [main] com.mustertech.shop.config.CacheWarmup - Lagerbestand für Artikel MT-15913 aktualisiert: 42 -> 41
2026-07-06 16:51:04,274 INFO [kafka-listener-0] com.mustertech.shop.inventory.StockChecker - Bestellung B-2026-513702 erfolgreich angelegt (3 Positionen, Summe 249,90 EUR)
2026-07-06 16:52:45,416 INFO [http-nio-8080-exec-4] com.mustertech.shop.catalog.ProductService - Empfehlungsmodell neu geladen (Version 2026-06-30)
2026-07-06 16:54:21,793 INFO [http-nio-8080-exec-1] com.mustertech.shop.payment.PaymentClient - Bestellung B-2026-439193 erfolgreich angelegt (3 Positionen, Summe 249,90 EUR)
2026-07-06 16:56:20,937 INFO [kafka-listener-0] com.mustertech.shop.inventory.StockChecker - Bestellung B-2026-957772 an Versanddienstleister übergeben
2026-07-06 16:57:20,114 INFO [main] com.mustertech.shop.order.OrderService - Bestellung B-2026-917640 erfolgreich angelegt (3 Positionen, Summe 249,90 EUR)
2026-07-06 16:58:56,806 DEBUG [scheduler-2] com.mustertech.shop.config.CacheWarmup - Preisberechnung für Warenkorb w-15673: 4 Positionen, 2 Rabattregeln angewendet
2026-07-06 17:00:21,279 WARN [scheduler-2] com.mustertech.shop.order.OrderController - Deprecation: Endpoint /api/v0/produkte wird am 30.09. abgeschaltet, Aufrufer 10.20.30.37
2026-07-06 17:01:40,719 INFO [scheduler-2] com.mustertech.shop.catalog.ProductService - Zahlung für Bestellung B-2026-505492 autorisiert (PSP-Referenz psp_99789663)
2026-07-06 17:03:59,936 INFO [http-nio-8080-exec-7] com.mustertech.shop.payment.PaymentClient - Kundenkonto k-62170 angemeldet
2026-07-06 17:04:31,493 INFO [kafka-listener-0] com.mustertech.shop.config.CacheWarmup - Lagerbestand für Artikel MT-12656 aktualisiert: 42 -> 41
2026-07-06 17:06:35,669 INFO [http-nio-8080-exec-4] com.mustertech.shop.order.OrderController - Bestellung B-2026-837670 an Versanddienstleister übergeben
2026-07-06 17:07:03,433 WARN [scheduler-2] com.mustertech.shop.order.OrderService - Artikel MT-25753 hat negativen Sicherheitsbestand, prüfe Nachbestellung
2026-07-06 17:09:24,293 INFO [http-nio-8080-exec-4] com.mustertech.shop.order.OrderController - Empfehlungsmodell neu geladen (Version 2026-06-30)
2026-07-06 17:11:12,179 INFO [kafka-listener-0] com.mustertech.shop.inventory.StockChecker - Bestellung B-2026-933068 erfolgreich angelegt (3 Positionen, Summe 249,90 EUR)
2026-07-06 17:12:59,929 INFO [http-nio-8080-exec-4] com.mustertech.shop.inventory.StockChecker - Warenkorb w-12765 zusammengeführt nach Login
2026-07-06 17:14:58,605 INFO [kafka-listener-0] com.mustertech.shop.inventory.StockChecker - Zahlung für Bestellung B-2026-909366 autorisiert (PSP-Referenz psp_97165235)
2026-07-06 17:16:53,173 INFO [http-nio-8080-exec-1] com.mustertech.shop.inventory.StockChecker - Zahlung für Bestellung B-2026-575547 autorisiert (PSP-Referenz psp_93317005)
2026-07-06 17:17:23,896 INFO [scheduler-2] com.mustertech.shop.payment.PaymentClient - Kundenkonto k-87786 angemeldet
2026-07-06 17:19:19,454 INFO [kafka-listener-0] com.mustertech.shop.inventory.StockChecker - Zahlung für Bestellung B-2026-533625 autorisiert (PSP-Referenz psp_99474142)
2026-07-06 17:19:54,142 INFO [scheduler-2] com.mustertech.shop.config.CacheWarmup - Zahlung für Bestellung B-2026-348496 autorisiert (PSP-Referenz psp_39170972)
2026-07-06 17:22:28,824 DEBUG [http-nio-8080-exec-7] com.mustertech.shop.catalog.ProductService - Preisberechnung für Warenkorb w-94065: 4 Positionen, 2 Rabattregeln angewendet
2026-07-06 17:23:26,720 INFO [main] com.mustertech.shop.payment.PaymentClient - Bestellung B-2026-285298 erfolgreich angelegt (3 Positionen, Summe 249,90 EUR)
2026-07-06 17:24:43,720 INFO [kafka-listener-0] com.mustertech.shop.payment.PaymentClient - Bestellung B-2026-205812 an Versanddienstleister übergeben
2026-07-06 17:25:43,393 INFO [scheduler-2] com.mustertech.shop.cart.CartService - Zahlung für Bestellung B-2026-797072 autorisiert (PSP-Referenz psp_13679723)
2026-07-06 17:27:47,377 INFO [http-nio-8080-exec-7] com.mustertech.shop.payment.PaymentClient - Kundenkonto k-64456 angemeldet
2026-07-06 17:28:45,238 WARN [scheduler-2] com.mustertech.shop.payment.PaymentClient - Langsame Datenbankabfrage: findOrdersByCustomer dauerte 2841 ms (Schwellwert 1000 ms)
2026-07-06 17:30:34,016 WARN [http-nio-8080-exec-7] com.mustertech.shop.inventory.StockChecker - Artikel MT-13946 hat negativen Sicherheitsbestand, prüfe Nachbestellung
2026-07-06 17:31:12,213 INFO [main] com.mustertech.shop.catalog.ProductService - Empfehlungsmodell neu geladen (Version 2026-06-30)
2026-07-06 17:33:10,002 ERROR [http-nio-8080-exec-7] com.mustertech.shop.config.CacheWarmup - Bestellung B-2026-818429 konnte nicht abgeschlossen werden: Zahlungsanbieter meldet Fehler 502
2026-07-06 17:35:05,675 INFO [http-nio-8080-exec-1] com.mustertech.shop.order.OrderService - Bestellung B-2026-834235 erfolgreich angelegt (3 Positionen, Summe 249,90 EUR)
2026-07-06 17:36:35,138 WARN [scheduler-2] com.mustertech.shop.inventory.StockChecker - Cache-Miss-Rate über 40% in den letzten 5 Minuten
2026-07-06 17:37:14,047 WARN [scheduler-2] com.mustertech.shop.config.CacheWarmup - Deprecation: Endpoint /api/v0/produkte wird am 30.09. abgeschaltet, Aufrufer 10.20.30.24
2026-07-06 17:37:36,778 WARN [kafka-listener-0] com.mustertech.shop.order.OrderController - Artikel MT-10260 hat negativen Sicherheitsbestand, prüfe Nachbestellung
2026-07-06 17:39:30,795 INFO [http-nio-8080-exec-1] com.mustertech.shop.payment.PaymentClient - Lagerbestand für Artikel MT-39248 aktualisiert: 42 -> 41
2026-07-06 17:40:50,462 INFO [kafka-listener-0] com.mustertech.shop.order.OrderController - Lagerbestand für Artikel MT-24704 aktualisiert: 42 -> 41
2026-07-06 17:41:23,774 WARN [scheduler-2] com.mustertech.shop.order.OrderController - Langsame Datenbankabfrage: findOrdersByCustomer dauerte 2841 ms (Schwellwert 1000 ms)
2026-07-06 17:42:30,195 INFO [kafka-listener-0] com.mustertech.shop.cart.CartService - Produktkatalog-Cache aktualisiert: 12841 Artikel in 3421 ms
2026-07-06 17:43:49,958 INFO [scheduler-2] com.mustertech.shop.order.OrderController - Kundenkonto k-59820 angemeldet
2026-07-06 17:45:18,289 INFO [http-nio-8080-exec-1] com.mustertech.shop.config.CacheWarmup - Bestellung B-2026-254638 an Versanddienstleister übergeben
2026-07-06 17:47:37,626 WARN [main] com.mustertech.shop.inventory.StockChecker - Deprecation: Endpoint /api/v0/produkte wird am 30.09. abgeschaltet, Aufrufer 10.20.30.251
2026-07-06 17:49:32,992 INFO [http-nio-8080-exec-1] com.mustertech.shop.payment.PaymentClient - Kundenkonto k-98984 angemeldet
2026-07-06 17:51:24,285 INFO [http-nio-8080-exec-4] com.mustertech.shop.order.OrderService - Zahlung für Bestellung B-2026-741666 autorisiert (PSP-Referenz psp_39341899)
2026-07-06 17:52:33,002 INFO [scheduler-2] com.mustertech.shop.config.CacheWarmup - Empfehlungsmodell neu geladen (Version 2026-06-30)
2026-07-06 17:52:54,460 DEBUG [http-nio-8080-exec-1] com.mustertech.shop.cart.CartService - Preisberechnung für Warenkorb w-69578: 4 Positionen, 2 Rabattregeln angewendet
2026-07-06 17:53:37,805 WARN [main] com.mustertech.shop.config.CacheWarmup - Deprecation: Endpoint /api/v0/produkte wird am 30.09. abgeschaltet, Aufrufer 10.20.30.214
2026-07-06 17:53:58,916 INFO [main] com.mustertech.shop.config.CacheWarmup - Kundenkonto k-19828 angemeldet
2026-07-06 17:54:47,858 WARN [main] com.mustertech.shop.cart.CartService - Cache-Miss-Rate über 40% in den letzten 5 Minuten
2026-07-06 17:55:37,625 INFO [http-nio-8080-exec-4] com.mustertech.shop.payment.PaymentClient - Empfehlungsmodell neu geladen (Version 2026-06-30)
2026-07-06 17:57:19,460 INFO [main] com.mustertech.shop.config.CacheWarmup - Produktkatalog-Cache aktualisiert: 12841 Artikel in 3421 ms
2026-07-06 17:58:09,804 INFO [main] com.mustertech.shop.config.CacheWarmup - Lagerbestand für Artikel MT-14083 aktualisiert: 42 -> 41
2026-07-06 18:00:00,370 INFO [scheduler-2] com.mustertech.shop.catalog.ProductService - Lagerbestand für Artikel MT-32607 aktualisiert: 42 -> 41
2026-07-06 18:00:18,507 WARN [scheduler-2] com.mustertech.shop.order.OrderService - Artikel MT-14821 hat negativen Sicherheitsbestand, prüfe Nachbestellung
2026-07-06 18:01:33,381 INFO [kafka-listener-0] com.mustertech.shop.payment.PaymentClient - Bestellung B-2026-190200 an Versanddienstleister übergeben
2026-07-06 18:01:54,821 INFO [scheduler-2] com.mustertech.shop.catalog.ProductService - Bestellung B-2026-912107 an Versanddienstleister übergeben
2026-07-06 18:04:14,942 INFO [http-nio-8080-exec-4] com.mustertech.shop.catalog.ProductService - Warenkorb w-35436 zusammengeführt nach Login
2026-07-06 18:05:43,357 ERROR [main] com.mustertech.shop.catalog.ProductService - Bestellung B-2026-280511 konnte nicht abgeschlossen werden: Zahlungsanbieter meldet Fehler 502
2026-07-06 18:06:29,261 INFO [http-nio-8080-exec-4] com.mustertech.shop.inventory.StockChecker - Kundenkonto k-94169 angemeldet
2026-07-06 18:08:14,523 INFO [http-nio-8080-exec-1] com.mustertech.shop.order.OrderService - Bestellung B-2026-584785 erfolgreich angelegt (3 Positionen, Summe 249,90 EUR)
2026-07-06 18:09:57,956 INFO [kafka-listener-0] com.mustertech.shop.inventory.StockChecker - Produktkatalog-Cache aktualisiert: 12841 Artikel in 3421 ms
2026-07-06 18:11:17,969 WARN [kafka-listener-0] com.mustertech.shop.config.CacheWarmup - Retry 2/3 für PSP-Aufruf, vorheriger Versuch mit Timeout nach 5000 ms
2026-07-06 18:12:54,153 WARN [http-nio-8080-exec-1] com.mustertech.shop.order.OrderService - Deprecation: Endpoint /api/v0/produkte wird am 30.09. abgeschaltet, Aufrufer 10.20.30.57
2026-07-06 18:14:44,222 INFO [http-nio-8080-exec-4] com.mustertech.shop.payment.PaymentClient - Kundenkonto k-5435 angemeldet
2026-07-06 18:15:22,853 INFO [http-nio-8080-exec-4] com.mustertech.shop.order.OrderService - Produktkatalog-Cache aktualisiert: 12841 Artikel in 3421 ms
2026-07-06 18:17:39,341 INFO [scheduler-2] com.mustertech.shop.order.OrderService - Bestellung B-2026-696364 erfolgreich angelegt (3 Positionen, Summe 249,90 EUR)
2026-07-06 18:20:07,968 INFO [main] com.mustertech.shop.inventory.StockChecker - Kundenkonto k-84585 angemeldet
2026-07-06 18:21:04,127 WARN [kafka-listener-0] com.mustertech.shop.catalog.ProductService - Retry 2/3 für PSP-Aufruf, vorheriger Versuch mit Timeout nach 5000 ms
2026-07-06 18:21:47,101 INFO [main] com.mustertech.shop.config.CacheWarmup - Kundenkonto k-12696 angemeldet
2026-07-06 18:23:25,236 INFO [http-nio-8080-exec-1] com.mustertech.shop.cart.CartService - Kundenkonto k-53263 angemeldet
2026-07-06 18:23:54,231 INFO [main] com.mustertech.shop.config.CacheWarmup - Zahlung für Bestellung B-2026-650277 autorisiert (PSP-Referenz psp_86222027)
2026-07-06 18:24:18,693 INFO [main] com.mustertech.shop.catalog.ProductService - Zahlung für Bestellung B-2026-336650 autorisiert (PSP-Referenz psp_95228148)
2026-07-06 18:26:17,113 INFO [kafka-listener-0] com.mustertech.shop.payment.PaymentClient - Kundenkonto k-21835 angemeldet
2026-07-06 18:28:33,999 INFO [http-nio-8080-exec-4] com.mustertech.shop.cart.CartService - Produktkatalog-Cache aktualisiert: 12841 Artikel in 3421 ms
2026-07-06 18:29:51,082 INFO [http-nio-8080-exec-1] com.mustertech.shop.cart.CartService - Kundenkonto k-69346 angemeldet
2026-07-06 18:30:34,566 INFO [http-nio-8080-exec-4] com.mustertech.shop.order.OrderController - Kundenkonto k-73331 angemeldet
2026-07-06 18:31:38,771 INFO [http-nio-8080-exec-4] com.mustertech.shop.inventory.StockChecker - Kundenkonto k-50826 angemeldet
2026-07-06 18:33:14,225 WARN [kafka-listener-0] com.mustertech.shop.config.CacheWarmup - Retry 2/3 für PSP-Aufruf, vorheriger Versuch mit Timeout nach 5000 ms
2026-07-06 18:35:02,550 INFO [http-nio-8080-exec-7] com.mustertech.shop.order.OrderService - Zahlung für Bestellung B-2026-280502 autorisiert (PSP-Referenz psp_15293200)
2026-07-06 18:36:46,276 INFO [http-nio-8080-exec-4] com.mustertech.shop.catalog.ProductService - Kundenkonto k-75511 angemeldet
2026-07-06 18:38:46,861 INFO [kafka-listener-0] com.mustertech.shop.order.OrderService - Empfehlungsmodell neu geladen (Version 2026-06-30)
2026-07-06 18:40:34,532 INFO [http-nio-8080-exec-7] com.mustertech.shop.order.OrderService - Bestellung B-2026-719508 an Versanddienstleister übergeben
2026-07-06 18:42:57,479 INFO [scheduler-2] com.mustertech.shop.order.OrderController - Warenkorb w-24780 zusammengeführt nach Login
2026-07-06 18:45:13,799 WARN [scheduler-2] com.mustertech.shop.cart.CartService - Retry 2/3 für PSP-Aufruf, vorheriger Versuch mit Timeout nach 5000 ms
2026-07-06 18:46:05,445 INFO [scheduler-2] com.mustertech.shop.cart.CartService - Empfehlungsmodell neu geladen (Version 2026-06-30)
2026-07-06 18:47:17,042 ERROR [main] com.mustertech.shop.catalog.ProductService - Bestellung B-2026-700863 konnte nicht abgeschlossen werden: Zahlungsanbieter meldet Fehler 502
2026-07-06 18:48:45,337 INFO [main] com.mustertech.shop.order.OrderController - Kundenkonto k-20304 angemeldet
2026-07-06 18:49:28,609 INFO [http-nio-8080-exec-4] com.mustertech.shop.inventory.StockChecker - Zahlung für Bestellung B-2026-130541 autorisiert (PSP-Referenz psp_72347066)
2026-07-06 18:52:03,709 INFO [main] com.mustertech.shop.inventory.StockChecker - Lagerbestand für Artikel MT-35448 aktualisiert: 42 -> 41
2026-07-06 18:54:23,214 INFO [kafka-listener-0] com.mustertech.shop.cart.CartService - Warenkorb w-40015 zusammengeführt nach Login
2026-07-06 18:56:27,119 WARN [http-nio-8080-exec-7] com.mustertech.shop.inventory.StockChecker - Langsame Datenbankabfrage: findOrdersByCustomer dauerte 2841 ms (Schwellwert 1000 ms)
2026-07-06 18:57:59,346 INFO [http-nio-8080-exec-7] com.mustertech.shop.inventory.StockChecker - Warenkorb w-49262 zusammengeführt nach Login
2026-07-06 19:00:05,749 INFO [main] com.mustertech.shop.catalog.ProductService - Produktkatalog-Cache aktualisiert: 12841 Artikel in 3421 ms
2026-07-06 19:02:23,259 WARN [http-nio-8080-exec-7] com.mustertech.shop.order.OrderController - Deprecation: Endpoint /api/v0/produkte wird am 30.09. abgeschaltet, Aufrufer 10.20.30.186
2026-07-06 19:04:05,165 DEBUG [http-nio-8080-exec-4] com.mustertech.shop.cart.CartService - Preisberechnung für Warenkorb w-97780: 4 Positionen, 2 Rabattregeln angewendet
2026-07-06 19:05:20,748 INFO [main] com.mustertech.shop.order.OrderService - Warenkorb w-75994 zusammengeführt nach Login
2026-07-06 19:07:13,316 INFO [main] com.mustertech.shop.order.OrderController - Warenkorb w-99162 zusammengeführt nach Login
2026-07-06 19:07:41,132 INFO [main] com.mustertech.shop.inventory.StockChecker - Bestellung B-2026-838383 an Versanddienstleister übergeben
2026-07-06 19:09:30,309 INFO [http-nio-8080-exec-4] com.mustertech.shop.catalog.ProductService - Bestellung B-2026-632196 erfolgreich angelegt (3 Positionen, Summe 249,90 EUR)
2026-07-06 19:11:25,480 INFO [http-nio-8080-exec-7] com.mustertech.shop.config.CacheWarmup - Bestellung B-2026-937642 an Versanddienstleister übergeben
2026-07-06 19:12:07,538 INFO [kafka-listener-0] com.mustertech.shop.cart.CartService - Kundenkonto k-5652 angemeldet
2026-07-06 19:12:44,115 WARN [http-nio-8080-exec-7] com.mustertech.shop.payment.PaymentClient - Deprecation: Endpoint /api/v0/produkte wird am 30.09. abgeschaltet, Aufrufer 10.20.30.57
2026-07-06 19:15:07,139 INFO [scheduler-2] com.mustertech.shop.payment.PaymentClient - Produktkatalog-Cache aktualisiert: 12841 Artikel in 3421 ms
2026-07-06 19:16:50,760 INFO [http-nio-8080-exec-4] com.mustertech.shop.order.OrderController - Warenkorb w-49678 zusammengeführt nach Login
2026-07-06 19:18:09,917 INFO [http-nio-8080-exec-4] com.mustertech.shop.payment.PaymentClient - Bestellung B-2026-659613 erfolgreich angelegt (3 Positionen, Summe 249,90 EUR)
2026-07-06 19:18:32,913 INFO [http-nio-8080-exec-7] com.mustertech.shop.config.CacheWarmup - Zahlung für Bestellung B-2026-269705 autorisiert (PSP-Referenz psp_67149484)
2026-07-06 19:20:07,617 WARN [http-nio-8080-exec-4] com.mustertech.shop.catalog.ProductService - Retry 2/3 für PSP-Aufruf, vorheriger Versuch mit Timeout nach 5000 ms
2026-07-06 19:21:13,586 INFO [main] com.mustertech.shop.order.OrderController - Bestellung B-2026-467797 erfolgreich angelegt (3 Positionen, Summe 249,90 EUR)
2026-07-06 19:21:56,594 INFO [main] com.mustertech.shop.inventory.StockChecker - Produktkatalog-Cache aktualisiert: 12841 Artikel in 3421 ms
2026-07-06 19:24:31,721 INFO [http-nio-8080-exec-1] com.mustertech.shop.config.CacheWarmup - Bestellung B-2026-106704 an Versanddienstleister übergeben
2026-07-06 19:24:58,826 WARN [http-nio-8080-exec-1] com.mustertech.shop.order.OrderService - Retry 2/3 für PSP-Aufruf, vorheriger Versuch mit Timeout nach 5000 ms
2026-07-06 19:26:26,176 INFO [kafka-listener-0] com.mustertech.shop.catalog.ProductService - Bestellung B-2026-321132 an Versanddienstleister übergeben
2026-07-06 19:27:34,374 WARN [http-nio-8080-exec-7] com.mustertech.shop.config.CacheWarmup - Cache-Miss-Rate über 40% in den letzten 5 Minuten
2026-07-06 19:28:59,386 INFO [http-nio-8080-exec-7] com.mustertech.shop.config.CacheWarmup - Warenkorb w-22077 zusammengeführt nach Login
2026-07-06 19:29:40,106 INFO [scheduler-2] com.mustertech.shop.order.OrderController - Zahlung für Bestellung B-2026-864046 autorisiert (PSP-Referenz psp_52050168)
2026-07-06 19:31:35,161 INFO [http-nio-8080-exec-7] com.mustertech.shop.order.OrderController - Kundenkonto k-53043 angemeldet
2026-07-06 19:34:02,569 INFO [scheduler-2] com.mustertech.shop.config.CacheWarmup - Lagerbestand für Artikel MT-26335 aktualisiert: 42 -> 41
2026-07-06 19:35:38,704 DEBUG [main] com.mustertech.shop.payment.PaymentClient - Preisberechnung für Warenkorb w-97394: 4 Positionen, 2 Rabattregeln angewendet
2026-07-06 19:36:59,304 INFO [http-nio-8080-exec-1] com.mustertech.shop.order.OrderService - Lagerbestand für Artikel MT-16414 aktualisiert: 42 -> 41
2026-07-06 19:37:34,587 INFO [kafka-listener-0] com.mustertech.shop.payment.PaymentClient - Bestellung B-2026-128903 erfolgreich angelegt (3 Positionen, Summe 249,90 EUR)
2026-07-06 19:38:12,141 INFO [main] com.mustertech.shop.config.CacheWarmup - Zahlung für Bestellung B-2026-671748 autorisiert (PSP-Referenz psp_10150451)
2026-07-06 19:39:23,981 INFO [http-nio-8080-exec-4] com.mustertech.shop.cart.CartService - Kundenkonto k-20101 angemeldet
2026-07-06 19:40:59,203 INFO [http-nio-8080-exec-7] com.mustertech.shop.order.OrderService - Bestellung B-2026-300110 an Versanddienstleister übergeben
2026-07-06 19:43:34,671 INFO [http-nio-8080-exec-7] com.mustertech.shop.payment.PaymentClient - Bestellung B-2026-343189 erfolgreich angelegt (3 Positionen, Summe 249,90 EUR)
2026-07-06 19:46:04,935 INFO [main] com.mustertech.shop.config.CacheWarmup - Lagerbestand für Artikel MT-17935 aktualisiert: 42 -> 41
2026-07-06 19:46:42,927 INFO [http-nio-8080-exec-4] com.mustertech.shop.inventory.StockChecker - Bestellung B-2026-680580 erfolgreich angelegt (3 Positionen, Summe 249,90 EUR)
2026-07-06 19:47:31,472 INFO [main] com.mustertech.shop.cart.CartService - Bestellung B-2026-697461 erfolgreich angelegt (3 Positionen, Summe 249,90 EUR)
2026-07-06 19:49:02,944 INFO [kafka-listener-0] com.mustertech.shop.config.CacheWarmup - Warenkorb w-56220 zusammengeführt nach Login
2026-07-06 19:50:43,551 DEBUG [http-nio-8080-exec-1] com.mustertech.shop.config.CacheWarmup - Preisberechnung für Warenkorb w-78074: 4 Positionen, 2 Rabattregeln angewendet
2026-07-06 19:51:37,358 INFO [http-nio-8080-exec-4] com.mustertech.shop.payment.PaymentClient - Warenkorb w-75989 zusammengeführt nach Login
2026-07-06 19:52:53,528 INFO [http-nio-8080-exec-1] com.mustertech.shop.cart.CartService - Produktkatalog-Cache aktualisiert: 12841 Artikel in 3421 ms
2026-07-06 19:54:32,129 INFO [kafka-listener-0] com.mustertech.shop.order.OrderService - Warenkorb w-91503 zusammengeführt nach Login
2026-07-06 19:55:46,554 WARN [http-nio-8080-exec-1] com.mustertech.shop.inventory.StockChecker - Retry 2/3 für PSP-Aufruf, vorheriger Versuch mit Timeout nach 5000 ms
2026-07-06 19:57:51,915 INFO [main] com.mustertech.shop.catalog.ProductService - Bestellung B-2026-904435 an Versanddienstleister übergeben
2026-07-06 19:58:30,626 WARN [http-nio-8080-exec-1] com.mustertech.shop.cart.CartService - Cache-Miss-Rate über 40% in den letzten 5 Minuten
2026-07-06 20:00:48,951 INFO [scheduler-2] com.mustertech.shop.cart.CartService - Bestellung B-2026-741073 erfolgreich angelegt (3 Positionen, Summe 249,90 EUR)
2026-07-06 20:02:12,923 INFO [http-nio-8080-exec-7] com.mustertech.shop.inventory.StockChecker - Bestellung B-2026-164084 erfolgreich angelegt (3 Positionen, Summe 249,90 EUR)
2026-07-06 20:04:21,631 INFO [http-nio-8080-exec-1] com.mustertech.shop.inventory.StockChecker - Lagerbestand für Artikel MT-18033 aktualisiert: 42 -> 41
2026-07-06 20:04:41,927 WARN [scheduler-2] com.mustertech.shop.config.CacheWarmup - Langsame Datenbankabfrage: findOrdersByCustomer dauerte 2841 ms (Schwellwert 1000 ms)
2026-07-06 20:06:04,579 INFO [http-nio-8080-exec-4] com.mustertech.shop.payment.PaymentClient - Warenkorb w-12073 zusammengeführt nach Login
2026-07-06 20:07:08,021 INFO [kafka-listener-0] com.mustertech.shop.cart.CartService - Zahlung für Bestellung B-2026-669255 autorisiert (PSP-Referenz psp_66832108)
2026-07-06 20:08:20,199 INFO [http-nio-8080-exec-4] com.mustertech.shop.payment.PaymentClient - Zahlung für Bestellung B-2026-597106 autorisiert (PSP-Referenz psp_72810342)
2026-07-06 20:09:49,222 INFO [http-nio-8080-exec-4] com.mustertech.shop.catalog.ProductService - Kundenkonto k-32827 angemeldet
2026-07-06 20:12:02,782 INFO [main] com.mustertech.shop.payment.PaymentClient - Bestellung B-2026-989774 an Versanddienstleister übergeben
2026-07-06 20:13:29,062 ERROR [http-nio-8080-exec-7] com.mustertech.shop.order.OrderController - Bestellung B-2026-305703 konnte nicht abgeschlossen werden: Zahlungsanbieter meldet Fehler 502
2026-07-06 20:14:43,168 DEBUG [scheduler-2] com.mustertech.shop.inventory.StockChecker - Preisberechnung für Warenkorb w-86951: 4 Positionen, 2 Rabattregeln angewendet
2026-07-06 20:16:27,289 INFO [http-nio-8080-exec-4] com.mustertech.shop.inventory.StockChecker - Bestellung B-2026-349140 an Versanddienstleister übergeben
2026-07-06 20:16:51,505 INFO [http-nio-8080-exec-1] com.mustertech.shop.cart.CartService - Empfehlungsmodell neu geladen (Version 2026-06-30)
2026-07-06 20:18:36,681 WARN [http-nio-8080-exec-1] com.mustertech.shop.cart.CartService - Cache-Miss-Rate über 40% in den letzten 5 Minuten
2026-07-06 20:19:46,756 WARN [scheduler-2] com.mustertech.shop.catalog.ProductService - Artikel MT-16977 hat negativen Sicherheitsbestand, prüfe Nachbestellung
2026-07-06 20:20:59,817 WARN [scheduler-2] com.mustertech.shop.payment.PaymentClient - Artikel MT-18726 hat negativen Sicherheitsbestand, prüfe Nachbestellung
2026-07-06 20:22:31,907 WARN [kafka-listener-0] com.mustertech.shop.cart.CartService - Cache-Miss-Rate über 40% in den letzten 5 Minuten
2026-07-06 20:24:28,059 INFO [kafka-listener-0] com.mustertech.shop.order.OrderService - Bestellung B-2026-675657 erfolgreich angelegt (3 Positionen, Summe 249,90 EUR)
2026-07-06 20:26:44,563 DEBUG [http-nio-8080-exec-1] com.mustertech.shop.config.CacheWarmup - Preisberechnung für Warenkorb w-95376: 4 Positionen, 2 Rabattregeln angewendet
2026-07-06 20:27:46,446 INFO [http-nio-8080-exec-7] com.mustertech.shop.payment.PaymentClient - Warenkorb w-87186 zusammengeführt nach Login
2026-07-06 20:28:49,641 INFO [http-nio-8080-exec-4] com.mustertech.shop.order.OrderController - Zahlung für Bestellung B-2026-129850 autorisiert (PSP-Referenz psp_98215154)
2026-07-06 20:31:15,968 INFO [http-nio-8080-exec-1] com.mustertech.shop.payment.PaymentClient - Warenkorb w-55148 zusammengeführt nach Login
2026-07-06 20:32:42,579 DEBUG [kafka-listener-0] com.mustertech.shop.catalog.ProductService - Preisberechnung für Warenkorb w-15714: 4 Positionen, 2 Rabattregeln angewendet
2026-07-06 20:33:45,525 ERROR [main] com.mustertech.shop.order.OrderService - Unerwarteter Fehler bei Bestellung B-2026-119381
java.lang.NullPointerException: Cannot invoke "com.mustertech.shop.customer.Address.getZipCode()" because the return value of "com.mustertech.shop.customer.Customer.getShippingAddress()" is null
	at com.mustertech.shop.order.OrderService.calculateShipping(OrderService.java:187)
	at com.mustertech.shop.order.OrderService.placeOrder(OrderService.java:102)
	at com.mustertech.shop.order.OrderController.create(OrderController.java:58)
	at jdk.internal.reflect.DirectMethodHandleAccessor.invoke(DirectMethodHandleAccessor.java:103)
	at org.springframework.web.method.support.InvocableHandlerMethod.doInvoke(InvocableHandlerMethod.java:255)
	at org.apache.catalina.core.ApplicationFilterChain.doFilter(ApplicationFilterChain.java:166)
	at java.base/java.lang.Thread.run(Thread.java:1583)
2026-07-06 20:35:55,054 WARN [scheduler-2] com.mustertech.shop.payment.PaymentClient - Deprecation: Endpoint /api/v0/produkte wird am 30.09. abgeschaltet, Aufrufer 10.20.30.197
2026-07-06 20:38:27,359 INFO [scheduler-2] com.mustertech.shop.order.OrderService - Produktkatalog-Cache aktualisiert: 12841 Artikel in 3421 ms
2026-07-06 20:39:32,025 WARN [main] com.mustertech.shop.inventory.StockChecker - Deprecation: Endpoint /api/v0/produkte wird am 30.09. abgeschaltet, Aufrufer 10.20.30.120
2026-07-06 20:41:21,768 INFO [http-nio-8080-exec-4] com.mustertech.shop.config.CacheWarmup - Empfehlungsmodell neu geladen (Version 2026-06-30)
2026-07-06 20:43:09,946 ERROR [kafka-listener-0] com.mustertech.shop.order.OrderService - Unerwarteter Fehler bei Bestellung B-2026-557893
java.lang.NullPointerException: Cannot invoke "com.mustertech.shop.customer.Address.getZipCode()" because the return value of "com.mustertech.shop.customer.Customer.getShippingAddress()" is null
	at com.mustertech.shop.order.OrderService.calculateShipping(OrderService.java:187)
	at com.mustertech.shop.order.OrderService.placeOrder(OrderService.java:102)
	at com.mustertech.shop.order.OrderController.create(OrderController.java:58)
	at jdk.internal.reflect.DirectMethodHandleAccessor.invoke(DirectMethodHandleAccessor.java:103)
	at org.springframework.web.method.support.InvocableHandlerMethod.doInvoke(InvocableHandlerMethod.java:255)
	at org.apache.catalina.core.ApplicationFilterChain.doFilter(ApplicationFilterChain.java:166)
	at java.base/java.lang.Thread.run(Thread.java:1583)
2026-07-06 20:43:51,178 INFO [kafka-listener-0] com.mustertech.shop.catalog.ProductService - Lagerbestand für Artikel MT-32310 aktualisiert: 42 -> 41
2026-07-06 20:45:15,741 INFO [scheduler-2] com.mustertech.shop.cart.CartService - Lagerbestand für Artikel MT-27537 aktualisiert: 42 -> 41
2026-07-06 20:45:42,914 INFO [scheduler-2] com.mustertech.shop.cart.CartService - Lagerbestand für Artikel MT-15354 aktualisiert: 42 -> 41
2026-07-06 20:47:45,192 INFO [http-nio-8080-exec-4] com.mustertech.shop.cart.CartService - Bestellung B-2026-804812 an Versanddienstleister übergeben
2026-07-06 20:48:44,630 INFO [http-nio-8080-exec-4] com.mustertech.shop.inventory.StockChecker - Bestellung B-2026-131268 erfolgreich angelegt (3 Positionen, Summe 249,90 EUR)
2026-07-06 20:51:08,790 WARN [http-nio-8080-exec-4] com.mustertech.shop.payment.PaymentClient - Artikel MT-37919 hat negativen Sicherheitsbestand, prüfe Nachbestellung
2026-07-06 20:52:44,018 INFO [scheduler-2] com.mustertech.shop.catalog.ProductService - Bestellung B-2026-481977 an Versanddienstleister übergeben
2026-07-06 20:55:18,440 INFO [main] com.mustertech.shop.config.CacheWarmup - Lagerbestand für Artikel MT-19158 aktualisiert: 42 -> 41
2026-07-06 20:56:33,121 ERROR [http-nio-8080-exec-7] com.mustertech.shop.order.OrderService - Unerwarteter Fehler bei Bestellung B-2026-801127
java.lang.NullPointerException: Cannot invoke "com.mustertech.shop.customer.Address.getZipCode()" because the return value of "com.mustertech.shop.customer.Customer.getShippingAddress()" is null
	at com.mustertech.shop.order.OrderService.calculateShipping(OrderService.java:187)
	at com.mustertech.shop.order.OrderService.placeOrder(OrderService.java:102)
	at com.mustertech.shop.order.OrderController.create(OrderController.java:58)
	at jdk.internal.reflect.DirectMethodHandleAccessor.invoke(DirectMethodHandleAccessor.java:103)
	at org.springframework.web.method.support.InvocableHandlerMethod.doInvoke(InvocableHandlerMethod.java:255)
	at org.apache.catalina.core.ApplicationFilterChain.doFilter(ApplicationFilterChain.java:166)
	at java.base/java.lang.Thread.run(Thread.java:1583)
2026-07-06 20:56:59,356 INFO [http-nio-8080-exec-4] com.mustertech.shop.cart.CartService - Kundenkonto k-88836 angemeldet
2026-07-06 20:59:30,315 INFO [kafka-listener-0] com.mustertech.shop.order.OrderService - Bestellung B-2026-657901 an Versanddienstleister übergeben
2026-07-06 21:01:48,980 ERROR [http-nio-8080-exec-7] com.mustertech.shop.order.OrderService - Unerwarteter Fehler bei Bestellung B-2026-294014
java.lang.NullPointerException: Cannot invoke "com.mustertech.shop.customer.Address.getZipCode()" because the return value of "com.mustertech.shop.customer.Customer.getShippingAddress()" is null
	at com.mustertech.shop.order.OrderService.calculateShipping(OrderService.java:187)
	at com.mustertech.shop.order.OrderService.placeOrder(OrderService.java:102)
	at com.mustertech.shop.order.OrderController.create(OrderController.java:58)
	at jdk.internal.reflect.DirectMethodHandleAccessor.invoke(DirectMethodHandleAccessor.java:103)
	at org.springframework.web.method.support.InvocableHandlerMethod.doInvoke(InvocableHandlerMethod.java:255)
	at org.apache.catalina.core.ApplicationFilterChain.doFilter(ApplicationFilterChain.java:166)
	at java.base/java.lang.Thread.run(Thread.java:1583)
2026-07-06 21:02:25,995 INFO [kafka-listener-0] com.mustertech.shop.cart.CartService - Kundenkonto k-20192 angemeldet
2026-07-06 21:04:22,527 INFO [kafka-listener-0] com.mustertech.shop.config.CacheWarmup - Lagerbestand für Artikel MT-38099 aktualisiert: 42 -> 41
2026-07-06 21:05:26,541 INFO [http-nio-8080-exec-1] com.mustertech.shop.config.CacheWarmup - Kundenkonto k-24845 angemeldet
2026-07-06 21:05:52,254 INFO [http-nio-8080-exec-4] com.mustertech.shop.catalog.ProductService - Produktkatalog-Cache aktualisiert: 12841 Artikel in 3421 ms
2026-07-06 21:06:33,681 WARN [scheduler-2] com.mustertech.shop.cart.CartService - Deprecation: Endpoint /api/v0/produkte wird am 30.09. abgeschaltet, Aufrufer 10.20.30.71
2026-07-06 21:07:35,770 INFO [http-nio-8080-exec-4] com.mustertech.shop.payment.PaymentClient - Zahlung für Bestellung B-2026-126078 autorisiert (PSP-Referenz psp_55721693)
2026-07-06 21:09:29,352 INFO [kafka-listener-0] com.mustertech.shop.order.OrderController - Produktkatalog-Cache aktualisiert: 12841 Artikel in 3421 ms
2026-07-06 21:10:19,497 INFO [kafka-listener-0] com.mustertech.shop.catalog.ProductService - Zahlung für Bestellung B-2026-122661 autorisiert (PSP-Referenz psp_93512455)
2026-07-06 21:10:47,301 INFO [http-nio-8080-exec-7] com.mustertech.shop.catalog.ProductService - Bestellung B-2026-955331 erfolgreich angelegt (3 Positionen, Summe 249,90 EUR)
2026-07-06 21:11:22,036 INFO [kafka-listener-0] com.mustertech.shop.inventory.StockChecker - Bestellung B-2026-579147 an Versanddienstleister übergeben
2026-07-06 21:11:39,611 DEBUG [kafka-listener-0] com.mustertech.shop.payment.PaymentClient - Preisberechnung für Warenkorb w-49860: 4 Positionen, 2 Rabattregeln angewendet
2026-07-06 21:12:58,349 INFO [http-nio-8080-exec-1] com.mustertech.shop.order.OrderService - Kundenkonto k-43393 angemeldet
2026-07-06 21:13:57,203 WARN [kafka-listener-0] com.mustertech.shop.payment.PaymentClient - Retry 2/3 für PSP-Aufruf, vorheriger Versuch mit Timeout nach 5000 ms
2026-07-06 21:15:17,693 WARN [main] com.mustertech.shop.cart.CartService - Retry 2/3 für PSP-Aufruf, vorheriger Versuch mit Timeout nach 5000 ms
2026-07-06 21:16:06,177 INFO [scheduler-2] com.mustertech.shop.cart.CartService - Empfehlungsmodell neu geladen (Version 2026-06-30)
2026-07-06 21:18:24,380 INFO [main] com.mustertech.shop.config.CacheWarmup - Warenkorb w-39786 zusammengeführt nach Login
2026-07-06 21:19:48,973 INFO [http-nio-8080-exec-4] com.mustertech.shop.inventory.StockChecker - Empfehlungsmodell neu geladen (Version 2026-06-30)
2026-07-06 21:21:02,861 INFO [main] com.mustertech.shop.cart.CartService - Warenkorb w-22413 zusammengeführt nach Login
2026-07-06 21:22:14,202 INFO [scheduler-2] com.mustertech.shop.order.OrderController - Empfehlungsmodell neu geladen (Version 2026-06-30)
2026-07-06 21:23:36,634 INFO [http-nio-8080-exec-7] com.mustertech.shop.cart.CartService - Bestellung B-2026-944196 an Versanddienstleister übergeben
2026-07-06 21:24:21,859 WARN [http-nio-8080-exec-4] com.mustertech.shop.payment.PaymentClient - Retry 2/3 für PSP-Aufruf, vorheriger Versuch mit Timeout nach 5000 ms
2026-07-06 21:25:31,981 INFO [main] com.mustertech.shop.catalog.ProductService - Produktkatalog-Cache aktualisiert: 12841 Artikel in 3421 ms
2026-07-06 21:27:54,695 INFO [scheduler-2] com.mustertech.shop.config.CacheWarmup - Empfehlungsmodell neu geladen (Version 2026-06-30)
2026-07-06 21:28:29,437 INFO [scheduler-2] com.mustertech.shop.cart.CartService - Kundenkonto k-86760 angemeldet
2026-07-06 21:30:14,127 INFO [scheduler-2] com.mustertech.shop.order.OrderController - Kundenkonto k-86832 angemeldet
2026-07-06 21:31:19,943 INFO [kafka-listener-0] com.mustertech.shop.inventory.StockChecker - Lagerbestand für Artikel MT-18866 aktualisiert: 42 -> 41
2026-07-06 21:32:47,447 DEBUG [http-nio-8080-exec-7] com.mustertech.shop.config.CacheWarmup - Preisberechnung für Warenkorb w-46371: 4 Positionen, 2 Rabattregeln angewendet
2026-07-06 21:33:39,070 INFO [http-nio-8080-exec-7] com.mustertech.shop.order.OrderService - Warenkorb w-40566 zusammengeführt nach Login
2026-07-06 21:35:02,612 INFO [main] com.mustertech.shop.catalog.ProductService - Empfehlungsmodell neu geladen (Version 2026-06-30)
2026-07-06 21:35:28,780 INFO [http-nio-8080-exec-4] com.mustertech.shop.order.OrderService - Zahlung für Bestellung B-2026-322181 autorisiert (PSP-Referenz psp_72449225)
2026-07-06 21:36:02,515 INFO [http-nio-8080-exec-4] com.mustertech.shop.config.CacheWarmup - Bestellung B-2026-336681 an Versanddienstleister übergeben
2026-07-06 21:38:31,193 INFO [scheduler-2] com.mustertech.shop.payment.PaymentClient - Kundenkonto k-23546 angemeldet
2026-07-06 21:40:02,467 INFO [http-nio-8080-exec-1] com.mustertech.shop.inventory.StockChecker - Produktkatalog-Cache aktualisiert: 12841 Artikel in 3421 ms
2026-07-06 21:41:11,260 INFO [main] com.mustertech.shop.inventory.StockChecker - Bestellung B-2026-401260 an Versanddienstleister übergeben
2026-07-06 21:43:27,447 INFO [kafka-listener-0] com.mustertech.shop.cart.CartService - Lagerbestand für Artikel MT-11867 aktualisiert: 42 -> 41
2026-07-06 21:45:29,089 WARN [kafka-listener-0] com.mustertech.shop.cart.CartService - Artikel MT-37153 hat negativen Sicherheitsbestand, prüfe Nachbestellung
2026-07-06 21:47:25,863 ERROR [http-nio-8080-exec-1] com.mustertech.shop.payment.PaymentClient - PSP-Aufruf für Bestellung B-2026-478975 endgültig fehlgeschlagen (3/3 Versuche)
com.mustertech.shop.payment.PaymentException: Zahlungsanbieter nicht erreichbar
	at com.mustertech.shop.payment.PaymentClient.authorize(PaymentClient.java:93)
	at com.mustertech.shop.checkout.CheckoutService.completeOrder(CheckoutService.java:71)
Caused by: java.net.http.HttpTimeoutException: request timed out
	at java.net.http/jdk.internal.net.http.HttpClientImpl.send(HttpClientImpl.java:966)
	at com.mustertech.shop.payment.PaymentClient.doRequest(PaymentClient.java:141)
	... 9 more
2026-07-06 21:48:32,947 INFO [http-nio-8080-exec-4] com.mustertech.shop.inventory.StockChecker - Produktkatalog-Cache aktualisiert: 12841 Artikel in 3421 ms
2026-07-06 21:49:28,397 ERROR [http-nio-8080-exec-1] com.mustertech.shop.order.OrderService - Datenbankverbindung fehlgeschlagen, Transaktion wird zurückgerollt
org.springframework.dao.DataAccessResourceFailureException: Unable to acquire JDBC Connection
	at org.springframework.orm.jpa.vendor.HibernateJpaDialect.convertHibernateAccessException(HibernateJpaDialect.java:275)
	at com.mustertech.shop.order.OrderRepository.save(OrderRepository.java:44)
	at com.mustertech.shop.order.OrderService.placeOrder(OrderService.java:110)
Caused by: java.sql.SQLTransientConnectionException: HikariPool-1 - Connection is not available, request timed out after 30000ms
	at com.zaxxer.hikari.pool.HikariPool.createTimeoutException(HikariPool.java:696)
	at com.zaxxer.hikari.HikariDataSource.getConnection(HikariDataSource.java:181)
	... 12 more
Caused by: java.net.ConnectException: Connection refused
	at java.base/sun.nio.ch.Net.pollConnect(Native Method)
	at java.base/java.net.Socket.connect(Socket.java:751)
	... 18 more
2026-07-06 21:50:12,718 INFO [http-nio-8080-exec-1] com.mustertech.shop.catalog.ProductService - Bestellung B-2026-399253 erfolgreich angelegt (3 Positionen, Summe 249,90 EUR)
2026-07-06 21:51:52,638 INFO [http-nio-8080-exec-4] com.mustertech.shop.inventory.StockChecker - Kundenkonto k-20323 angemeldet
2026-07-06 21:52:45,825 INFO [http-nio-8080-exec-1] com.mustertech.shop.config.CacheWarmup - Empfehlungsmodell neu geladen (Version 2026-06-30)
2026-07-06 21:53:13,018 INFO [main] com.mustertech.shop.config.CacheWarmup - Produktkatalog-Cache aktualisiert: 12841 Artikel in 3421 ms
2026-07-06 21:54:23,397 INFO [main] com.mustertech.shop.cart.CartService - Zahlung für Bestellung B-2026-206268 autorisiert (PSP-Referenz psp_26699420)
2026-07-06 21:55:58,808 INFO [http-nio-8080-exec-4] com.mustertech.shop.payment.PaymentClient - Kundenkonto k-42680 angemeldet
2026-07-06 21:56:50,113 INFO [http-nio-8080-exec-7] com.mustertech.shop.payment.PaymentClient - Zahlung für Bestellung B-2026-934266 autorisiert (PSP-Referenz psp_88871143)
2026-07-06 21:57:37,900 INFO [scheduler-2] com.mustertech.shop.config.CacheWarmup - Lagerbestand für Artikel MT-10168 aktualisiert: 42 -> 41
2026-07-06 21:58:43,855 INFO [main] com.mustertech.shop.order.OrderController - Empfehlungsmodell neu geladen (Version 2026-06-30)
2026-07-06 22:00:14,858 INFO [http-nio-8080-exec-4] com.mustertech.shop.config.CacheWarmup - Bestellung B-2026-209513 an Versanddienstleister übergeben
2026-07-06 22:01:34,026 DEBUG [kafka-listener-0] com.mustertech.shop.payment.PaymentClient - Preisberechnung für Warenkorb w-34322: 4 Positionen, 2 Rabattregeln angewendet
2026-07-06 22:04:05,645 WARN [http-nio-8080-exec-7] com.mustertech.shop.payment.PaymentClient - Artikel MT-23941 hat negativen Sicherheitsbestand, prüfe Nachbestellung
2026-07-06 22:04:42,666 INFO [http-nio-8080-exec-1] com.mustertech.shop.payment.PaymentClient - Warenkorb w-6182 zusammengeführt nach Login
2026-07-06 22:06:50,478 INFO [main] com.mustertech.shop.config.CacheWarmup - Warenkorb w-51080 zusammengeführt nach Login
2026-07-06 22:09:08,857 INFO [kafka-listener-0] com.mustertech.shop.payment.PaymentClient - Empfehlungsmodell neu geladen (Version 2026-06-30)
2026-07-06 22:10:28,850 INFO [http-nio-8080-exec-4] com.mustertech.shop.order.OrderService - Empfehlungsmodell neu geladen (Version 2026-06-30)
2026-07-06 22:13:03,568 INFO [scheduler-2] com.mustertech.shop.cart.CartService - Lagerbestand für Artikel MT-39645 aktualisiert: 42 -> 41
2026-07-06 22:14:25,551 INFO [http-nio-8080-exec-4] com.mustertech.shop.payment.PaymentClient - Zahlung für Bestellung B-2026-770530 autorisiert (PSP-Referenz psp_75657717)
2026-07-06 22:14:50,757 INFO [http-nio-8080-exec-4] com.mustertech.shop.order.OrderService - Kundenkonto k-26260 angemeldet
2026-07-06 22:17:06,942 INFO [scheduler-2] com.mustertech.shop.payment.PaymentClient - Warenkorb w-53403 zusammengeführt nach Login
2026-07-06 22:18:46,084 INFO [http-nio-8080-exec-7] com.mustertech.shop.inventory.StockChecker - Warenkorb w-30400 zusammengeführt nach Login
2026-07-06 22:19:29,862 INFO [http-nio-8080-exec-4] com.mustertech.shop.config.CacheWarmup - Bestellung B-2026-916205 erfolgreich angelegt (3 Positionen, Summe 249,90 EUR)
2026-07-06 22:21:15,472 INFO [main] com.mustertech.shop.inventory.StockChecker - Bestellung B-2026-508083 an Versanddienstleister übergeben
2026-07-06 22:21:49,246 INFO [scheduler-2] com.mustertech.shop.order.OrderController - Bestellung B-2026-652927 an Versanddienstleister übergeben
2026-07-06 22:22:52,384 INFO [kafka-listener-0] com.mustertech.shop.order.OrderController - Warenkorb w-78585 zusammengeführt nach Login
2026-07-06 22:25:15,628 INFO [http-nio-8080-exec-7] com.mustertech.shop.inventory.StockChecker - Zahlung für Bestellung B-2026-286736 autorisiert (PSP-Referenz psp_54683279)
2026-07-06 22:27:01,288 WARN [http-nio-8080-exec-7] com.mustertech.shop.config.CacheWarmup - Artikel MT-17577 hat negativen Sicherheitsbestand, prüfe Nachbestellung
2026-07-06 22:28:29,146 ERROR [http-nio-8080-exec-7] com.mustertech.shop.order.OrderController - Bestellung B-2026-827759 konnte nicht abgeschlossen werden: Zahlungsanbieter meldet Fehler 502
2026-07-06 22:30:10,390 INFO [scheduler-2] com.mustertech.shop.order.OrderController - Zahlung für Bestellung B-2026-469155 autorisiert (PSP-Referenz psp_92196985)
2026-07-06 22:32:29,537 INFO [main] com.mustertech.shop.order.OrderController - Zahlung für Bestellung B-2026-800634 autorisiert (PSP-Referenz psp_93434707)
2026-07-06 22:33:44,314 WARN [http-nio-8080-exec-4] com.mustertech.shop.inventory.StockChecker - Deprecation: Endpoint /api/v0/produkte wird am 30.09. abgeschaltet, Aufrufer 10.20.30.39
2026-07-06 22:34:55,193 DEBUG [scheduler-2] com.mustertech.shop.config.CacheWarmup - Preisberechnung für Warenkorb w-1436: 4 Positionen, 2 Rabattregeln angewendet
2026-07-06 22:37:25,075 WARN [http-nio-8080-exec-4] com.mustertech.shop.payment.PaymentClient - Cache-Miss-Rate über 40% in den letzten 5 Minuten
2026-07-06 22:39:10,948 INFO [http-nio-8080-exec-4] com.mustertech.shop.catalog.ProductService - Kundenkonto k-64283 angemeldet
2026-07-06 22:39:34,361 INFO [kafka-listener-0] com.mustertech.shop.cart.CartService - Bestellung B-2026-830553 erfolgreich angelegt (3 Positionen, Summe 249,90 EUR)
2026-07-06 22:40:40,748 INFO [main] com.mustertech.shop.catalog.ProductService - Lagerbestand für Artikel MT-26463 aktualisiert: 42 -> 41
2026-07-06 22:41:54,073 WARN [http-nio-8080-exec-4] com.mustertech.shop.inventory.StockChecker - Artikel MT-36582 hat negativen Sicherheitsbestand, prüfe Nachbestellung
2026-07-06 22:42:23,118 INFO [http-nio-8080-exec-4] com.mustertech.shop.catalog.ProductService - Zahlung für Bestellung B-2026-488629 autorisiert (PSP-Referenz psp_45021368)
2026-07-06 22:44:34,404 INFO [kafka-listener-0] com.mustertech.shop.cart.CartService - Lagerbestand für Artikel MT-23191 aktualisiert: 42 -> 41
2026-07-06 22:46:08,331 INFO [http-nio-8080-exec-4] com.mustertech.shop.payment.PaymentClient - Empfehlungsmodell neu geladen (Version 2026-06-30)
2026-07-06 22:48:04,692 INFO [http-nio-8080-exec-1] com.mustertech.shop.order.OrderController - Kundenkonto k-66993 angemeldet
2026-07-06 22:49:16,503 INFO [http-nio-8080-exec-4] com.mustertech.shop.inventory.StockChecker - Lagerbestand für Artikel MT-22948 aktualisiert: 42 -> 41
2026-07-06 22:50:07,881 INFO [http-nio-8080-exec-1] com.mustertech.shop.cart.CartService - Warenkorb w-13565 zusammengeführt nach Login
2026-07-06 22:52:11,201 WARN [scheduler-2] com.mustertech.shop.order.OrderService - Langsame Datenbankabfrage: findOrdersByCustomer dauerte 2841 ms (Schwellwert 1000 ms)
2026-07-06 22:54:46,404 INFO [kafka-listener-0] com.mustertech.shop.inventory.StockChecker - Warenkorb w-92487 zusammengeführt nach Login
2026-07-06 22:57:12,358 INFO [kafka-listener-0] com.mustertech.shop.order.OrderService - Empfehlungsmodell neu geladen (Version 2026-06-30)
2026-07-06 22:58:30,977 INFO [http-nio-8080-exec-7] com.mustertech.shop.payment.PaymentClient - Warenkorb w-37104 zusammengeführt nach Login
2026-07-06 22:59:42,815 WARN [scheduler-2] com.mustertech.shop.order.OrderController - Retry 2/3 für PSP-Aufruf, vorheriger Versuch mit Timeout nach 5000 ms
2026-07-06 23:00:24,231 INFO [http-nio-8080-exec-1] com.mustertech.shop.order.OrderController - Empfehlungsmodell neu geladen (Version 2026-06-30)
2026-07-06 23:02:22,747 INFO [scheduler-2] com.mustertech.shop.config.CacheWarmup - Produktkatalog-Cache aktualisiert: 12841 Artikel in 3421 ms
2026-07-06 23:04:30,112 INFO [main] com.mustertech.shop.catalog.ProductService - Kundenkonto k-68100 angemeldet
2026-07-06 23:05:24,334 INFO [kafka-listener-0] com.mustertech.shop.order.OrderController - Zahlung für Bestellung B-2026-574108 autorisiert (PSP-Referenz psp_30811259)
2026-07-06 23:06:18,519 INFO [http-nio-8080-exec-7] com.mustertech.shop.cart.CartService - Zahlung für Bestellung B-2026-644877 autorisiert (PSP-Referenz psp_16867833)
2026-07-06 23:07:51,854 INFO [http-nio-8080-exec-7] com.mustertech.shop.config.CacheWarmup - Produktkatalog-Cache aktualisiert: 12841 Artikel in 3421 ms
2026-07-06 23:08:30,051 INFO [http-nio-8080-exec-7] com.mustertech.shop.catalog.ProductService - Lagerbestand für Artikel MT-38187 aktualisiert: 42 -> 41
2026-07-06 23:09:27,605 DEBUG [scheduler-2] com.mustertech.shop.inventory.StockChecker - Preisberechnung für Warenkorb w-74790: 4 Positionen, 2 Rabattregeln angewendet
2026-07-06 23:10:01,470 INFO [http-nio-8080-exec-4] com.mustertech.shop.order.OrderService - Empfehlungsmodell neu geladen (Version 2026-06-30)
2026-07-06 23:11:44,415 INFO [http-nio-8080-exec-1] com.mustertech.shop.order.OrderController - Produktkatalog-Cache aktualisiert: 12841 Artikel in 3421 ms
2026-07-06 23:13:20,057 INFO [main] com.mustertech.shop.catalog.ProductService - Lagerbestand für Artikel MT-32664 aktualisiert: 42 -> 41
2026-07-06 23:15:36,654 INFO [http-nio-8080-exec-7] com.mustertech.shop.cart.CartService - Empfehlungsmodell neu geladen (Version 2026-06-30)
2026-07-06 23:16:40,993 INFO [http-nio-8080-exec-4] com.mustertech.shop.payment.PaymentClient - Empfehlungsmodell neu geladen (Version 2026-06-30)
2026-07-06 23:18:34,856 INFO [scheduler-2] com.mustertech.shop.config.CacheWarmup - Produktkatalog-Cache aktualisiert: 12841 Artikel in 3421 ms
2026-07-06 23:19:09,516 DEBUG [http-nio-8080-exec-4] com.mustertech.shop.inventory.StockChecker - Preisberechnung für Warenkorb w-82274: 4 Positionen, 2 Rabattregeln angewendet
2026-07-06 23:20:41,883 ERROR [http-nio-8080-exec-1] com.mustertech.shop.order.OrderService - Unerwarteter Fehler bei Bestellung B-2026-867549
java.lang.NullPointerException: Cannot invoke "com.mustertech.shop.customer.Address.getZipCode()" because the return value of "com.mustertech.shop.customer.Customer.getShippingAddress()" is null
	at com.mustertech.shop.order.OrderService.calculateShipping(OrderService.java:187)
	at com.mustertech.shop.order.OrderService.placeOrder(OrderService.java:102)
	at com.mustertech.shop.order.OrderController.create(OrderController.java:58)
	at jdk.internal.reflect.DirectMethodHandleAccessor.invoke(DirectMethodHandleAccessor.java:103)
	at org.springframework.web.method.support.InvocableHandlerMethod.doInvoke(InvocableHandlerMethod.java:255)
	at org.apache.catalina.core.ApplicationFilterChain.doFilter(ApplicationFilterChain.java:166)
	at java.base/java.lang.Thread.run(Thread.java:1583)
2026-07-06 23:21:23,598 INFO [http-nio-8080-exec-1] com.mustertech.shop.config.CacheWarmup - Bestellung B-2026-769506 an Versanddienstleister übergeben
2026-07-06 23:23:38,246 INFO [http-nio-8080-exec-1] com.mustertech.shop.order.OrderController - Bestellung B-2026-923111 erfolgreich angelegt (3 Positionen, Summe 249,90 EUR)
2026-07-06 23:24:22,817 DEBUG [http-nio-8080-exec-1] com.mustertech.shop.cart.CartService - Preisberechnung für Warenkorb w-75838: 4 Positionen, 2 Rabattregeln angewendet
2026-07-06 23:26:23,640 INFO [http-nio-8080-exec-4] com.mustertech.shop.config.CacheWarmup - Kundenkonto k-66098 angemeldet
2026-07-06 23:28:41,688 INFO [http-nio-8080-exec-7] com.mustertech.shop.inventory.StockChecker - Bestellung B-2026-968279 an Versanddienstleister übergeben
2026-07-06 23:31:01,921 INFO [main] com.mustertech.shop.order.OrderService - Produktkatalog-Cache aktualisiert: 12841 Artikel in 3421 ms
2026-07-06 23:33:23,600 INFO [http-nio-8080-exec-7] com.mustertech.shop.inventory.StockChecker - Lagerbestand für Artikel MT-13569 aktualisiert: 42 -> 41
2026-07-06 23:34:38,152 WARN [scheduler-2] com.mustertech.shop.cart.CartService - Cache-Miss-Rate über 40% in den letzten 5 Minuten
2026-07-06 23:36:26,137 INFO [http-nio-8080-exec-1] com.mustertech.shop.payment.PaymentClient - Kundenkonto k-68879 angemeldet
2026-07-06 23:38:47,609 DEBUG [scheduler-2] com.mustertech.shop.order.OrderController - Preisberechnung für Warenkorb w-7321: 4 Positionen, 2 Rabattregeln angewendet
2026-07-06 23:40:48,314 INFO [main] com.mustertech.shop.catalog.ProductService - Kundenkonto k-31227 angemeldet
2026-07-06 23:41:57,516 INFO [kafka-listener-0] com.mustertech.shop.cart.CartService - Produktkatalog-Cache aktualisiert: 12841 Artikel in 3421 ms
2026-07-06 23:42:48,361 ERROR [kafka-listener-0] com.mustertech.shop.cart.CartService - Bestellung B-2026-820116 konnte nicht abgeschlossen werden: Zahlungsanbieter meldet Fehler 502
2026-07-06 23:45:05,381 INFO [http-nio-8080-exec-1] com.mustertech.shop.payment.PaymentClient - Produktkatalog-Cache aktualisiert: 12841 Artikel in 3421 ms
2026-07-06 23:45:39,967 INFO [http-nio-8080-exec-1] com.mustertech.shop.payment.PaymentClient - Lagerbestand für Artikel MT-23274 aktualisiert: 42 -> 41
2026-07-06 23:47:17,406 INFO [scheduler-2] com.mustertech.shop.config.CacheWarmup - Bestellung B-2026-272923 an Versanddienstleister übergeben
2026-07-06 23:47:47,405 WARN [kafka-listener-0] com.mustertech.shop.payment.PaymentClient - Artikel MT-31571 hat negativen Sicherheitsbestand, prüfe Nachbestellung
2026-07-06 23:48:15,175 INFO [http-nio-8080-exec-7] com.mustertech.shop.payment.PaymentClient - Bestellung B-2026-961692 an Versanddienstleister übergeben
2026-07-06 23:49:40,945 INFO [http-nio-8080-exec-1] com.mustertech.shop.payment.PaymentClient - Lagerbestand für Artikel MT-23314 aktualisiert: 42 -> 41
2026-07-06 23:51:16,990 INFO [http-nio-8080-exec-1] com.mustertech.shop.config.CacheWarmup - Lagerbestand für Artikel MT-36770 aktualisiert: 42 -> 41
2026-07-06 23:53:44,597 INFO [http-nio-8080-exec-4] com.mustertech.shop.inventory.StockChecker - Zahlung für Bestellung B-2026-117079 autorisiert (PSP-Referenz psp_24343694)
2026-07-06 23:54:05,155 INFO [http-nio-8080-exec-4] com.mustertech.shop.order.OrderController - Bestellung B-2026-998183 an Versanddienstleister übergeben
2026-07-06 23:55:51,363 INFO [http-nio-8080-exec-7] com.mustertech.shop.cart.CartService - Kundenkonto k-5588 angemeldet
2026-07-06 23:57:29,493 INFO [http-nio-8080-exec-7] com.mustertech.shop.catalog.ProductService - Zahlung für Bestellung B-2026-874197 autorisiert (PSP-Referenz psp_57792017)
2026-07-06 23:58:47,591 INFO [http-nio-8080-exec-1] com.mustertech.shop.cart.CartService - Lagerbestand für Artikel MT-12544 aktualisiert: 42 -> 41
2026-07-07 00:00:52,881 INFO [kafka-listener-0] com.mustertech.shop.order.OrderController - Kundenkonto k-79220 angemeldet
2026-07-07 00:02:11,118 INFO [http-nio-8080-exec-7] com.mustertech.shop.order.OrderController - Bestellung B-2026-641076 an Versanddienstleister übergeben
2026-07-07 00:02:59,566 INFO [http-nio-8080-exec-7] com.mustertech.shop.order.OrderService - Bestellung B-2026-816151 erfolgreich angelegt (3 Positionen, Summe 249,90 EUR)
2026-07-07 00:05:31,823 DEBUG [main] com.mustertech.shop.payment.PaymentClient - Preisberechnung für Warenkorb w-62139: 4 Positionen, 2 Rabattregeln angewendet
2026-07-07 00:06:51,584 INFO [http-nio-8080-exec-7] com.mustertech.shop.catalog.ProductService - Warenkorb w-24470 zusammengeführt nach Login
2026-07-07 00:08:51,787 INFO [scheduler-2] com.mustertech.shop.cart.CartService - Lagerbestand für Artikel MT-14094 aktualisiert: 42 -> 41
2026-07-07 00:09:30,049 INFO [http-nio-8080-exec-4] com.mustertech.shop.payment.PaymentClient - Bestellung B-2026-478999 erfolgreich angelegt (3 Positionen, Summe 249,90 EUR)
2026-07-07 00:11:35,984 INFO [http-nio-8080-exec-4] com.mustertech.shop.payment.PaymentClient - Kundenkonto k-52595 angemeldet
2026-07-07 00:13:48,230 INFO [main] com.mustertech.shop.cart.CartService - Bestellung B-2026-441751 erfolgreich angelegt (3 Positionen, Summe 249,90 EUR)
2026-07-07 00:15:40,828 ERROR [http-nio-8080-exec-4] com.mustertech.shop.order.OrderService - Datenbankverbindung fehlgeschlagen, Transaktion wird zurückgerollt
org.springframework.dao.DataAccessResourceFailureException: Unable to acquire JDBC Connection
	at org.springframework.orm.jpa.vendor.HibernateJpaDialect.convertHibernateAccessException(HibernateJpaDialect.java:275)
	at com.mustertech.shop.order.OrderRepository.save(OrderRepository.java:44)
	at com.mustertech.shop.order.OrderService.placeOrder(OrderService.java:110)
Caused by: java.sql.SQLTransientConnectionException: HikariPool-1 - Connection is not available, request timed out after 30000ms
	at com.zaxxer.hikari.pool.HikariPool.createTimeoutException(HikariPool.java:696)
	at com.zaxxer.hikari.HikariDataSource.getConnection(HikariDataSource.java:181)
	... 12 more
Caused by: java.net.ConnectException: Connection refused
	at java.base/sun.nio.ch.Net.pollConnect(Native Method)
	at java.base/java.net.Socket.connect(Socket.java:751)
	... 18 more
2026-07-07 00:17:14,235 INFO [http-nio-8080-exec-1] com.mustertech.shop.config.CacheWarmup - Empfehlungsmodell neu geladen (Version 2026-06-30)
2026-07-07 00:18:49,560 WARN [http-nio-8080-exec-1] com.mustertech.shop.payment.PaymentClient - Retry 2/3 für PSP-Aufruf, vorheriger Versuch mit Timeout nach 5000 ms
2026-07-07 00:20:26,077 INFO [http-nio-8080-exec-4] com.mustertech.shop.order.OrderController - Zahlung für Bestellung B-2026-340797 autorisiert (PSP-Referenz psp_47969700)
2026-07-07 00:20:47,062 INFO [http-nio-8080-exec-4] com.mustertech.shop.payment.PaymentClient - Kundenkonto k-69737 angemeldet
2026-07-07 00:22:55,741 INFO [kafka-listener-0] com.mustertech.shop.cart.CartService - Produktkatalog-Cache aktualisiert: 12841 Artikel in 3421 ms
2026-07-07 00:23:35,374 DEBUG [main] com.mustertech.shop.payment.PaymentClient - Preisberechnung für Warenkorb w-68844: 4 Positionen, 2 Rabattregeln angewendet
2026-07-07 00:25:07,413 INFO [scheduler-2] com.mustertech.shop.payment.PaymentClient - Warenkorb w-29410 zusammengeführt nach Login
2026-07-07 00:25:42,538 INFO [scheduler-2] com.mustertech.shop.inventory.StockChecker - Lagerbestand für Artikel MT-15521 aktualisiert: 42 -> 41
2026-07-07 00:27:12,482 INFO [http-nio-8080-exec-1] com.mustertech.shop.catalog.ProductService - Lagerbestand für Artikel MT-33929 aktualisiert: 42 -> 41
2026-07-07 00:28:58,420 WARN [scheduler-2] com.mustertech.shop.order.OrderService - Retry 2/3 für PSP-Aufruf, vorheriger Versuch mit Timeout nach 5000 ms
2026-07-07 00:30:01,948 WARN [http-nio-8080-exec-7] com.mustertech.shop.catalog.ProductService - Langsame Datenbankabfrage: findOrdersByCustomer dauerte 2841 ms (Schwellwert 1000 ms)
2026-07-07 00:30:27,738 INFO [main] com.mustertech.shop.config.CacheWarmup - Bestellung B-2026-889615 an Versanddienstleister übergeben
2026-07-07 00:32:29,763 INFO [kafka-listener-0] com.mustertech.shop.inventory.StockChecker - Empfehlungsmodell neu geladen (Version 2026-06-30)
2026-07-07 00:34:37,096 INFO [main] com.mustertech.shop.config.CacheWarmup - Bestellung B-2026-165044 erfolgreich angelegt (3 Positionen, Summe 249,90 EUR)
2026-07-07 00:36:25,070 DEBUG [http-nio-8080-exec-7] com.mustertech.shop.order.OrderController - Preisberechnung für Warenkorb w-53258: 4 Positionen, 2 Rabattregeln angewendet
2026-07-07 00:37:59,856 INFO [http-nio-8080-exec-4] com.mustertech.shop.inventory.StockChecker - Bestellung B-2026-330065 erfolgreich angelegt (3 Positionen, Summe 249,90 EUR)
2026-07-07 00:38:47,046 WARN [kafka-listener-0] com.mustertech.shop.config.CacheWarmup - Retry 2/3 für PSP-Aufruf, vorheriger Versuch mit Timeout nach 5000 ms
2026-07-07 00:39:47,735 INFO [main] com.mustertech.shop.config.CacheWarmup - Empfehlungsmodell neu geladen (Version 2026-06-30)
2026-07-07 00:41:54,510 INFO [kafka-listener-0] com.mustertech.shop.order.OrderController - Bestellung B-2026-849335 erfolgreich angelegt (3 Positionen, Summe 249,90 EUR)
2026-07-07 00:44:02,376 INFO [main] com.mustertech.shop.order.OrderService - Lagerbestand für Artikel MT-15829 aktualisiert: 42 -> 41
2026-07-07 00:45:46,316 INFO [http-nio-8080-exec-7] com.mustertech.shop.order.OrderController - Lagerbestand für Artikel MT-22200 aktualisiert: 42 -> 41
2026-07-07 00:46:25,378 INFO [scheduler-2] com.mustertech.shop.payment.PaymentClient - Produktkatalog-Cache aktualisiert: 12841 Artikel in 3421 ms
2026-07-07 00:48:28,154 INFO [main] com.mustertech.shop.catalog.ProductService - Produktkatalog-Cache aktualisiert: 12841 Artikel in 3421 ms
2026-07-07 00:50:45,770 INFO [http-nio-8080-exec-1] com.mustertech.shop.order.OrderController - Warenkorb w-48577 zusammengeführt nach Login
2026-07-07 00:51:52,003 INFO [http-nio-8080-exec-7] com.mustertech.shop.payment.PaymentClient - Kundenkonto k-65833 angemeldet
2026-07-07 00:52:53,109 INFO [kafka-listener-0] com.mustertech.shop.config.CacheWarmup - Produktkatalog-Cache aktualisiert: 12841 Artikel in 3421 ms
2026-07-07 00:53:25,864 INFO [kafka-listener-0] com.mustertech.shop.order.OrderService - Bestellung B-2026-866686 an Versanddienstleister übergeben
2026-07-07 00:54:37,779 DEBUG [http-nio-8080-exec-1] com.mustertech.shop.order.OrderService - Preisberechnung für Warenkorb w-12652: 4 Positionen, 2 Rabattregeln angewendet
2026-07-07 00:55:58,005 INFO [main] com.mustertech.shop.order.OrderController - Warenkorb w-16668 zusammengeführt nach Login
2026-07-07 00:56:39,635 INFO [http-nio-8080-exec-1] com.mustertech.shop.order.OrderService - Zahlung für Bestellung B-2026-108439 autorisiert (PSP-Referenz psp_76924600)
2026-07-07 00:58:15,033 INFO [scheduler-2] com.mustertech.shop.order.OrderService - Bestellung B-2026-430438 an Versanddienstleister übergeben
2026-07-07 00:59:18,642 WARN [scheduler-2] com.mustertech.shop.config.CacheWarmup - Retry 2/3 für PSP-Aufruf, vorheriger Versuch mit Timeout nach 5000 ms
2026-07-07 01:00:46,513 INFO [http-nio-8080-exec-1] com.mustertech.shop.payment.PaymentClient - Lagerbestand für Artikel MT-13285 aktualisiert: 42 -> 41
2026-07-07 01:03:03,554 INFO [scheduler-2] com.mustertech.shop.order.OrderService - Zahlung für Bestellung B-2026-685461 autorisiert (PSP-Referenz psp_93179293)
2026-07-07 01:04:17,742 INFO [scheduler-2] com.mustertech.shop.inventory.StockChecker - Produktkatalog-Cache aktualisiert: 12841 Artikel in 3421 ms
2026-07-07 01:05:29,214 ERROR [kafka-listener-0] com.mustertech.shop.cart.CartService - Ungültige Anfrage abgewiesen
java.lang.IllegalArgumentException: Menge muss größer 0 sein, war: -2 (Artikel MT-31012)
	at com.mustertech.shop.cart.CartService.addItem(CartService.java:66)
	at com.mustertech.shop.cart.CartController.add(CartController.java:39)
	at java.base/java.lang.Thread.run(Thread.java:1583)
2026-07-07 01:07:42,847 INFO [http-nio-8080-exec-7] com.mustertech.shop.payment.PaymentClient - Bestellung B-2026-221928 erfolgreich angelegt (3 Positionen, Summe 249,90 EUR)
2026-07-07 01:09:06,282 INFO [scheduler-2] com.mustertech.shop.config.CacheWarmup - Bestellung B-2026-853902 erfolgreich angelegt (3 Positionen, Summe 249,90 EUR)
2026-07-07 01:10:02,254 INFO [scheduler-2] com.mustertech.shop.order.OrderController - Warenkorb w-9855 zusammengeführt nach Login
2026-07-07 01:12:21,242 INFO [http-nio-8080-exec-4] com.mustertech.shop.order.OrderService - Produktkatalog-Cache aktualisiert: 12841 Artikel in 3421 ms
2026-07-07 01:13:58,406 INFO [http-nio-8080-exec-4] com.mustertech.shop.payment.PaymentClient - Empfehlungsmodell neu geladen (Version 2026-06-30)
2026-07-07 01:16:24,395 INFO [http-nio-8080-exec-7] com.mustertech.shop.order.OrderController - Zahlung für Bestellung B-2026-385044 autorisiert (PSP-Referenz psp_60223974)
2026-07-07 01:17:17,784 INFO [kafka-listener-0] com.mustertech.shop.catalog.ProductService - Kundenkonto k-72188 angemeldet
2026-07-07 01:18:36,941 WARN [main] com.mustertech.shop.order.OrderController - Deprecation: Endpoint /api/v0/produkte wird am 30.09. abgeschaltet, Aufrufer 10.20.30.207
2026-07-07 01:20:08,180 INFO [http-nio-8080-exec-4] com.mustertech.shop.order.OrderService - Empfehlungsmodell neu geladen (Version 2026-06-30)
2026-07-07 01:22:10,733 INFO [main] com.mustertech.shop.order.OrderController - Empfehlungsmodell neu geladen (Version 2026-06-30)
2026-07-07 01:24:01,704 INFO [http-nio-8080-exec-4] com.mustertech.shop.catalog.ProductService - Empfehlungsmodell neu geladen (Version 2026-06-30)
2026-07-07 01:25:33,159 INFO [http-nio-8080-exec-1] com.mustertech.shop.cart.CartService - Bestellung B-2026-192507 an Versanddienstleister übergeben
2026-07-07 01:27:19,850 INFO [kafka-listener-0] com.mustertech.shop.catalog.ProductService - Empfehlungsmodell neu geladen (Version 2026-06-30)
2026-07-07 01:28:13,556 INFO [http-nio-8080-exec-4] com.mustertech.shop.catalog.ProductService - Zahlung für Bestellung B-2026-922957 autorisiert (PSP-Referenz psp_36260677)
2026-07-07 01:29:21,165 INFO [http-nio-8080-exec-7] com.mustertech.shop.payment.PaymentClient - Produktkatalog-Cache aktualisiert: 12841 Artikel in 3421 ms
2026-07-07 01:30:14,770 ERROR [http-nio-8080-exec-1] com.mustertech.shop.inventory.StockChecker - Bestellung B-2026-253698 konnte nicht abgeschlossen werden: Zahlungsanbieter meldet Fehler 502
2026-07-07 01:31:10,367 INFO [kafka-listener-0] com.mustertech.shop.cart.CartService - Empfehlungsmodell neu geladen (Version 2026-06-30)
2026-07-07 01:32:09,710 INFO [http-nio-8080-exec-7] com.mustertech.shop.cart.CartService - Bestellung B-2026-382816 erfolgreich angelegt (3 Positionen, Summe 249,90 EUR)
2026-07-07 01:33:19,100 INFO [http-nio-8080-exec-7] com.mustertech.shop.config.CacheWarmup - Lagerbestand für Artikel MT-39680 aktualisiert: 42 -> 41
2026-07-07 01:35:48,649 INFO [http-nio-8080-exec-4] com.mustertech.shop.cart.CartService - Warenkorb w-90418 zusammengeführt nach Login
2026-07-07 01:37:17,084 INFO [main] com.mustertech.shop.cart.CartService - Zahlung für Bestellung B-2026-231557 autorisiert (PSP-Referenz psp_80400555)
2026-07-07 01:38:58,607 DEBUG [kafka-listener-0] com.mustertech.shop.config.CacheWarmup - Preisberechnung für Warenkorb w-4264: 4 Positionen, 2 Rabattregeln angewendet
2026-07-07 01:40:47,805 INFO [main] com.mustertech.shop.order.OrderController - Empfehlungsmodell neu geladen (Version 2026-06-30)
2026-07-07 01:42:49,847 INFO [main] com.mustertech.shop.cart.CartService - Zahlung für Bestellung B-2026-698779 autorisiert (PSP-Referenz psp_77594215)
2026-07-07 01:43:30,328 ERROR [http-nio-8080-exec-7] com.mustertech.shop.catalog.ProductService - Bestellung B-2026-847057 konnte nicht abgeschlossen werden: Zahlungsanbieter meldet Fehler 502
2026-07-07 01:45:29,198 DEBUG [kafka-listener-0] com.mustertech.shop.cart.CartService - Preisberechnung für Warenkorb w-21023: 4 Positionen, 2 Rabattregeln angewendet
2026-07-07 01:47:26,666 INFO [http-nio-8080-exec-7] com.mustertech.shop.payment.PaymentClient - Warenkorb w-5901 zusammengeführt nach Login
2026-07-07 01:48:45,548 INFO [kafka-listener-0] com.mustertech.shop.order.OrderController - Zahlung für Bestellung B-2026-833881 autorisiert (PSP-Referenz psp_74796020)
2026-07-07 01:51:05,733 INFO [http-nio-8080-exec-7] com.mustertech.shop.order.OrderService - Produktkatalog-Cache aktualisiert: 12841 Artikel in 3421 ms
2026-07-07 01:51:30,007 INFO [main] com.mustertech.shop.cart.CartService - Produktkatalog-Cache aktualisiert: 12841 Artikel in 3421 ms
2026-07-07 01:52:46,873 INFO [scheduler-2] com.mustertech.shop.payment.PaymentClient - Bestellung B-2026-373623 erfolgreich angelegt (3 Positionen, Summe 249,90 EUR)
2026-07-07 01:55:16,359 WARN [scheduler-2] com.mustertech.shop.order.OrderService - Artikel MT-38697 hat negativen Sicherheitsbestand, prüfe Nachbestellung
2026-07-07 01:57:30,102 WARN [main] com.mustertech.shop.order.OrderController - Cache-Miss-Rate über 40% in den letzten 5 Minuten
2026-07-07 01:58:18,188 WARN [http-nio-8080-exec-7] com.mustertech.shop.cart.CartService - Langsame Datenbankabfrage: findOrdersByCustomer dauerte 2841 ms (Schwellwert 1000 ms)
2026-07-07 02:00:09,279 INFO [http-nio-8080-exec-7] com.mustertech.shop.config.CacheWarmup - Produktkatalog-Cache aktualisiert: 12841 Artikel in 3421 ms
2026-07-07 02:01:36,667 INFO [http-nio-8080-exec-4] com.mustertech.shop.order.OrderController - Warenkorb w-48103 zusammengeführt nach Login
2026-07-07 02:02:59,430 WARN [http-nio-8080-exec-1] com.mustertech.shop.inventory.StockChecker - Deprecation: Endpoint /api/v0/produkte wird am 30.09. abgeschaltet, Aufrufer 10.20.30.62
2026-07-07 02:03:35,204 INFO [kafka-listener-0] com.mustertech.shop.order.OrderService - Zahlung für Bestellung B-2026-284224 autorisiert (PSP-Referenz psp_81178617)
2026-07-07 02:04:27,790 INFO [http-nio-8080-exec-4] com.mustertech.shop.order.OrderController - Produktkatalog-Cache aktualisiert: 12841 Artikel in 3421 ms
2026-07-07 02:06:57,926 INFO [main] com.mustertech.shop.config.CacheWarmup - Lagerbestand für Artikel MT-21786 aktualisiert: 42 -> 41
2026-07-07 02:08:59,628 DEBUG [http-nio-8080-exec-1] com.mustertech.shop.cart.CartService - Preisberechnung für Warenkorb w-11969: 4 Positionen, 2 Rabattregeln angewendet
2026-07-07 02:11:18,371 INFO [kafka-listener-0] com.mustertech.shop.order.OrderController - Zahlung für Bestellung B-2026-955593 autorisiert (PSP-Referenz psp_64442791)
2026-07-07 02:13:37,872 INFO [http-nio-8080-exec-7] com.mustertech.shop.payment.PaymentClient - Zahlung für Bestellung B-2026-137068 autorisiert (PSP-Referenz psp_41347592)
2026-07-07 02:14:24,073 INFO [kafka-listener-0] com.mustertech.shop.catalog.ProductService - Empfehlungsmodell neu geladen (Version 2026-06-30)
2026-07-07 02:15:08,932 INFO [kafka-listener-0] com.mustertech.shop.payment.PaymentClient - Zahlung für Bestellung B-2026-226177 autorisiert (PSP-Referenz psp_48108835)
2026-07-07 02:17:04,097 WARN [kafka-listener-0] com.mustertech.shop.config.CacheWarmup - Cache-Miss-Rate über 40% in den letzten 5 Minuten
2026-07-07 02:17:31,992 INFO [scheduler-2] com.mustertech.shop.cart.CartService - Bestellung B-2026-117626 erfolgreich angelegt (3 Positionen, Summe 249,90 EUR)
2026-07-07 02:17:56,441 INFO [scheduler-2] com.mustertech.shop.config.CacheWarmup - Lagerbestand für Artikel MT-19727 aktualisiert: 42 -> 41
2026-07-07 02:20:26,888 INFO [http-nio-8080-exec-4] com.mustertech.shop.order.OrderService - Produktkatalog-Cache aktualisiert: 12841 Artikel in 3421 ms
2026-07-07 02:21:19,844 WARN [http-nio-8080-exec-4] com.mustertech.shop.cart.CartService - Langsame Datenbankabfrage: findOrdersByCustomer dauerte 2841 ms (Schwellwert 1000 ms)
2026-07-07 02:21:39,922 INFO [http-nio-8080-exec-1] com.mustertech.shop.catalog.ProductService - Bestellung B-2026-314257 an Versanddienstleister übergeben
2026-07-07 02:22:14,125 ERROR [http-nio-8080-exec-1] com.mustertech.shop.order.OrderService - Bestellung B-2026-874303 konnte nicht abgeschlossen werden: Zahlungsanbieter meldet Fehler 502
2026-07-07 02:23:52,970 INFO [kafka-listener-0] com.mustertech.shop.config.CacheWarmup - Zahlung für Bestellung B-2026-870771 autorisiert (PSP-Referenz psp_77324103)
2026-07-07 02:26:08,290 INFO [http-nio-8080-exec-1] com.mustertech.shop.order.OrderController - Bestellung B-2026-145637 an Versanddienstleister übergeben
2026-07-07 02:26:50,734 INFO [scheduler-2] com.mustertech.shop.cart.CartService - Empfehlungsmodell neu geladen (Version 2026-06-30)
2026-07-07 02:28:40,331 INFO [http-nio-8080-exec-7] com.mustertech.shop.payment.PaymentClient - Empfehlungsmodell neu geladen (Version 2026-06-30)
2026-07-07 02:30:18,935 INFO [http-nio-8080-exec-7] com.mustertech.shop.config.CacheWarmup - Kundenkonto k-94720 angemeldet
2026-07-07 02:32:07,943 INFO [kafka-listener-0] com.mustertech.shop.order.OrderService - Zahlung für Bestellung B-2026-601872 autorisiert (PSP-Referenz psp_93143859)
2026-07-07 02:33:08,912 WARN [scheduler-2] com.mustertech.shop.catalog.ProductService - Cache-Miss-Rate über 40% in den letzten 5 Minuten
2026-07-07 02:34:26,387 INFO [kafka-listener-0] com.mustertech.shop.config.CacheWarmup - Lagerbestand für Artikel MT-22840 aktualisiert: 42 -> 41
2026-07-07 02:35:37,080 INFO [http-nio-8080-exec-7] com.mustertech.shop.config.CacheWarmup - Produktkatalog-Cache aktualisiert: 12841 Artikel in 3421 ms
2026-07-07 02:36:09,958 INFO [http-nio-8080-exec-1] com.mustertech.shop.order.OrderController - Bestellung B-2026-404430 erfolgreich angelegt (3 Positionen, Summe 249,90 EUR)
2026-07-07 02:38:16,623 INFO [http-nio-8080-exec-7] com.mustertech.shop.catalog.ProductService - Bestellung B-2026-967397 an Versanddienstleister übergeben
2026-07-07 02:39:46,285 INFO [http-nio-8080-exec-4] com.mustertech.shop.payment.PaymentClient - Empfehlungsmodell neu geladen (Version 2026-06-30)
2026-07-07 02:41:19,591 INFO [http-nio-8080-exec-7] com.mustertech.shop.inventory.StockChecker - Bestellung B-2026-304901 erfolgreich angelegt (3 Positionen, Summe 249,90 EUR)
2026-07-07 02:42:32,326 WARN [http-nio-8080-exec-7] com.mustertech.shop.config.CacheWarmup - Langsame Datenbankabfrage: findOrdersByCustomer dauerte 2841 ms (Schwellwert 1000 ms)
2026-07-07 02:42:51,240 INFO [kafka-listener-0] com.mustertech.shop.inventory.StockChecker - Lagerbestand für Artikel MT-29261 aktualisiert: 42 -> 41
2026-07-07 02:44:51,004 INFO [scheduler-2] com.mustertech.shop.order.OrderService - Bestellung B-2026-273396 erfolgreich angelegt (3 Positionen, Summe 249,90 EUR)
2026-07-07 02:46:00,688 INFO [http-nio-8080-exec-4] com.mustertech.shop.payment.PaymentClient - Bestellung B-2026-986605 erfolgreich angelegt (3 Positionen, Summe 249,90 EUR)
2026-07-07 02:47:43,583 INFO [scheduler-2] com.mustertech.shop.order.OrderService - Zahlung für Bestellung B-2026-949702 autorisiert (PSP-Referenz psp_14503506)
2026-07-07 02:49:48,415 INFO [scheduler-2] com.mustertech.shop.cart.CartService - Bestellung B-2026-567168 an Versanddienstleister übergeben
2026-07-07 02:50:07,264 INFO [kafka-listener-0] com.mustertech.shop.cart.CartService - Zahlung für Bestellung B-2026-351125 autorisiert (PSP-Referenz psp_42950267)
2026-07-07 02:50:52,282 INFO [http-nio-8080-exec-1] com.mustertech.shop.inventory.StockChecker - Bestellung B-2026-336296 erfolgreich angelegt (3 Positionen, Summe 249,90 EUR)
2026-07-07 02:52:12,906 INFO [http-nio-8080-exec-1] com.mustertech.shop.config.CacheWarmup - Kundenkonto k-80133 angemeldet
2026-07-07 02:53:55,597 INFO [http-nio-8080-exec-7] com.mustertech.shop.payment.PaymentClient - Empfehlungsmodell neu geladen (Version 2026-06-30)
2026-07-07 02:56:30,717 ERROR [kafka-listener-0] com.mustertech.shop.payment.PaymentClient - PSP-Aufruf für Bestellung B-2026-516833 endgültig fehlgeschlagen (3/3 Versuche)
com.mustertech.shop.payment.PaymentException: Zahlungsanbieter nicht erreichbar
	at com.mustertech.shop.payment.PaymentClient.authorize(PaymentClient.java:93)
	at com.mustertech.shop.checkout.CheckoutService.completeOrder(CheckoutService.java:71)
Caused by: java.net.http.HttpTimeoutException: request timed out
	at java.net.http/jdk.internal.net.http.HttpClientImpl.send(HttpClientImpl.java:966)
	at com.mustertech.shop.payment.PaymentClient.doRequest(PaymentClient.java:141)
	... 9 more
2026-07-07 02:57:48,472 WARN [kafka-listener-0] com.mustertech.shop.order.OrderService - Artikel MT-11695 hat negativen Sicherheitsbestand, prüfe Nachbestellung
2026-07-07 02:58:25,684 INFO [http-nio-8080-exec-4] com.mustertech.shop.catalog.ProductService - Produktkatalog-Cache aktualisiert: 12841 Artikel in 3421 ms
2026-07-07 02:59:08,911 INFO [http-nio-8080-exec-1] com.mustertech.shop.payment.PaymentClient - Warenkorb w-55683 zusammengeführt nach Login
2026-07-07 03:00:29,107 INFO [scheduler-2] com.mustertech.shop.order.OrderController - Empfehlungsmodell neu geladen (Version 2026-06-30)
2026-07-07 03:02:51,652 INFO [http-nio-8080-exec-4] com.mustertech.shop.inventory.StockChecker - Bestellung B-2026-324150 erfolgreich angelegt (3 Positionen, Summe 249,90 EUR)
2026-07-07 03:03:11,344 INFO [scheduler-2] com.mustertech.shop.order.OrderController - Warenkorb w-40440 zusammengeführt nach Login
2026-07-07 03:04:53,685 INFO [http-nio-8080-exec-1] com.mustertech.shop.config.CacheWarmup - Bestellung B-2026-794615 an Versanddienstleister übergeben
2026-07-07 03:07:13,751 INFO [kafka-listener-0] com.mustertech.shop.inventory.StockChecker - Lagerbestand für Artikel MT-37056 aktualisiert: 42 -> 41
2026-07-07 03:07:48,192 WARN [http-nio-8080-exec-1] com.mustertech.shop.order.OrderService - Retry 2/3 für PSP-Aufruf, vorheriger Versuch mit Timeout nach 5000 ms
2026-07-07 03:08:39,683 INFO [http-nio-8080-exec-4] com.mustertech.shop.cart.CartService - Kundenkonto k-15484 angemeldet
2026-07-07 03:09:52,362 INFO [http-nio-8080-exec-1] com.mustertech.shop.payment.PaymentClient - Lagerbestand für Artikel MT-36045 aktualisiert: 42 -> 41
2026-07-07 03:11:43,847 INFO [http-nio-8080-exec-7] com.mustertech.shop.order.OrderController - Produktkatalog-Cache aktualisiert: 12841 Artikel in 3421 ms
2026-07-07 03:14:01,699 INFO [http-nio-8080-exec-7] com.mustertech.shop.cart.CartService - Bestellung B-2026-970435 an Versanddienstleister übergeben
2026-07-07 03:14:24,290 INFO [http-nio-8080-exec-4] com.mustertech.shop.catalog.ProductService - Kundenkonto k-36259 angemeldet
2026-07-07 03:16:13,163 INFO [http-nio-8080-exec-1] com.mustertech.shop.order.OrderController - Lagerbestand für Artikel MT-11971 aktualisiert: 42 -> 41
2026-07-07 03:18:07,986 WARN [scheduler-2] com.mustertech.shop.payment.PaymentClient - Deprecation: Endpoint /api/v0/produkte wird am 30.09. abgeschaltet, Aufrufer 10.20.30.233
2026-07-07 03:20:17,096 DEBUG [http-nio-8080-exec-7] com.mustertech.shop.payment.PaymentClient - Preisberechnung für Warenkorb w-3487: 4 Positionen, 2 Rabattregeln angewendet
2026-07-07 03:21:34,701 INFO [http-nio-8080-exec-7] com.mustertech.shop.order.OrderController - Warenkorb w-24516 zusammengeführt nach Login
2026-07-07 03:22:58,857 INFO [http-nio-8080-exec-7] com.mustertech.shop.order.OrderService - Warenkorb w-83309 zusammengeführt nach Login
2026-07-07 03:23:28,740 INFO [scheduler-2] com.mustertech.shop.order.OrderController - Bestellung B-2026-735152 an Versanddienstleister übergeben
2026-07-07 03:24:25,373 INFO [kafka-listener-0] com.mustertech.shop.order.OrderService - Bestellung B-2026-244800 erfolgreich angelegt (3 Positionen, Summe 249,90 EUR)
2026-07-07 03:25:15,713 INFO [main] com.mustertech.shop.order.OrderService - Lagerbestand für Artikel MT-12834 aktualisiert: 42 -> 41
2026-07-07 03:26:37,554 INFO [http-nio-8080-exec-7] com.mustertech.shop.catalog.ProductService - Bestellung B-2026-202178 an Versanddienstleister übergeben
2026-07-07 03:28:24,234 INFO [http-nio-8080-exec-1] com.mustertech.shop.order.OrderController - Empfehlungsmodell neu geladen (Version 2026-06-30)
2026-07-07 03:29:06,805 INFO [http-nio-8080-exec-7] com.mustertech.shop.catalog.ProductService - Produktkatalog-Cache aktualisiert: 12841 Artikel in 3421 ms
2026-07-07 03:29:29,262 INFO [http-nio-8080-exec-1] com.mustertech.shop.order.OrderService - Zahlung für Bestellung B-2026-272189 autorisiert (PSP-Referenz psp_74576708)
2026-07-07 03:31:33,518 WARN [http-nio-8080-exec-1] com.mustertech.shop.payment.PaymentClient - Retry 2/3 für PSP-Aufruf, vorheriger Versuch mit Timeout nach 5000 ms
2026-07-07 03:32:28,645 INFO [scheduler-2] com.mustertech.shop.inventory.StockChecker - Bestellung B-2026-358852 erfolgreich angelegt (3 Positionen, Summe 249,90 EUR)
2026-07-07 03:33:18,459 INFO [kafka-listener-0] com.mustertech.shop.config.CacheWarmup - Warenkorb w-74541 zusammengeführt nach Login
2026-07-07 03:35:17,875 INFO [main] com.mustertech.shop.order.OrderController - Empfehlungsmodell neu geladen (Version 2026-06-30)
2026-07-07 03:36:38,280 WARN [kafka-listener-0] com.mustertech.shop.payment.PaymentClient - Langsame Datenbankabfrage: findOrdersByCustomer dauerte 2841 ms (Schwellwert 1000 ms)
2026-07-07 03:38:33,849 INFO [main] com.mustertech.shop.order.OrderService - Produktkatalog-Cache aktualisiert: 12841 Artikel in 3421 ms
2026-07-07 03:40:30,689 INFO [http-nio-8080-exec-4] com.mustertech.shop.order.OrderService - Kundenkonto k-5394 angemeldet
2026-07-07 03:41:45,769 INFO [main] com.mustertech.shop.config.CacheWarmup - Kundenkonto k-38814 angemeldet
2026-07-07 03:42:33,743 INFO [kafka-listener-0] com.mustertech.shop.catalog.ProductService - Lagerbestand für Artikel MT-22054 aktualisiert: 42 -> 41
2026-07-07 03:43:52,067 INFO [http-nio-8080-exec-7] com.mustertech.shop.inventory.StockChecker - Bestellung B-2026-884763 an Versanddienstleister übergeben
2026-07-07 03:45:10,444 INFO [main] com.mustertech.shop.config.CacheWarmup - Lagerbestand für Artikel MT-22392 aktualisiert: 42 -> 41
2026-07-07 03:46:57,425 INFO [http-nio-8080-exec-1] com.mustertech.shop.config.CacheWarmup - Warenkorb w-30077 zusammengeführt nach Login
2026-07-07 03:47:36,432 INFO [http-nio-8080-exec-1] com.mustertech.shop.config.CacheWarmup - Bestellung B-2026-681650 erfolgreich angelegt (3 Positionen, Summe 249,90 EUR)
2026-07-07 03:49:45,127 INFO [http-nio-8080-exec-7] com.mustertech.shop.payment.PaymentClient - Empfehlungsmodell neu geladen (Version 2026-06-30)
2026-07-07 03:51:32,382 INFO [http-nio-8080-exec-7] com.mustertech.shop.catalog.ProductService - Produktkatalog-Cache aktualisiert: 12841 Artikel in 3421 ms
2026-07-07 03:54:04,037 INFO [http-nio-8080-exec-4] com.mustertech.shop.order.OrderController - Bestellung B-2026-622987 an Versanddienstleister übergeben
2026-07-07 03:54:59,156 WARN [http-nio-8080-exec-4] com.mustertech.shop.catalog.ProductService - Retry 2/3 für PSP-Aufruf, vorheriger Versuch mit Timeout nach 5000 ms
2026-07-07 03:56:27,433 INFO [main] com.mustertech.shop.inventory.StockChecker - Kundenkonto k-58881 angemeldet
2026-07-07 03:58:03,553 INFO [main] com.mustertech.shop.catalog.ProductService - Zahlung für Bestellung B-2026-745127 autorisiert (PSP-Referenz psp_85296340)
2026-07-07 03:58:26,588 INFO [main] com.mustertech.shop.payment.PaymentClient - Lagerbestand für Artikel MT-22404 aktualisiert: 42 -> 41
2026-07-07 04:00:57,859 INFO [main] com.mustertech.shop.payment.PaymentClient - Empfehlungsmodell neu geladen (Version 2026-06-30)
2026-07-07 04:02:39,143 INFO [http-nio-8080-exec-4] com.mustertech.shop.order.OrderController - Warenkorb w-78585 zusammengeführt nach Login
2026-07-07 04:03:38,008 INFO [scheduler-2] com.mustertech.shop.catalog.ProductService - Produktkatalog-Cache aktualisiert: 12841 Artikel in 3421 ms
2026-07-07 04:04:20,027 INFO [http-nio-8080-exec-7] com.mustertech.shop.order.OrderService - Bestellung B-2026-139823 an Versanddienstleister übergeben
2026-07-07 04:06:26,278 WARN [kafka-listener-0] com.mustertech.shop.order.OrderService - Deprecation: Endpoint /api/v0/produkte wird am 30.09. abgeschaltet, Aufrufer 10.20.30.102
2026-07-07 04:08:37,698 INFO [http-nio-8080-exec-1] com.mustertech.shop.config.CacheWarmup - Warenkorb w-12049 zusammengeführt nach Login
2026-07-07 04:10:01,807 WARN [main] com.mustertech.shop.inventory.StockChecker - Deprecation: Endpoint /api/v0/produkte wird am 30.09. abgeschaltet, Aufrufer 10.20.30.190
2026-07-07 04:10:49,442 INFO [http-nio-8080-exec-4] com.mustertech.shop.order.OrderController - Warenkorb w-18200 zusammengeführt nach Login
2026-07-07 04:12:46,540 INFO [kafka-listener-0] com.mustertech.shop.inventory.StockChecker - Produktkatalog-Cache aktualisiert: 12841 Artikel in 3421 ms
2026-07-07 04:15:00,467 INFO [kafka-listener-0] com.mustertech.shop.payment.PaymentClient - Zahlung für Bestellung B-2026-413778 autorisiert (PSP-Referenz psp_83473350)
2026-07-07 04:17:13,603 INFO [http-nio-8080-exec-1] com.mustertech.shop.order.OrderService - Warenkorb w-52074 zusammengeführt nach Login
2026-07-07 04:18:03,067 INFO [kafka-listener-0] com.mustertech.shop.order.OrderService - Produktkatalog-Cache aktualisiert: 12841 Artikel in 3421 ms
2026-07-07 04:19:48,789 INFO [http-nio-8080-exec-1] com.mustertech.shop.cart.CartService - Zahlung für Bestellung B-2026-124086 autorisiert (PSP-Referenz psp_54732749)
2026-07-07 04:22:16,301 INFO [main] com.mustertech.shop.config.CacheWarmup - Produktkatalog-Cache aktualisiert: 12841 Artikel in 3421 ms
2026-07-07 04:24:33,002 DEBUG [kafka-listener-0] com.mustertech.shop.config.CacheWarmup - Preisberechnung für Warenkorb w-63166: 4 Positionen, 2 Rabattregeln angewendet
2026-07-07 04:26:00,681 INFO [http-nio-8080-exec-1] com.mustertech.shop.inventory.StockChecker - Empfehlungsmodell neu geladen (Version 2026-06-30)
2026-07-07 04:28:06,103 INFO [http-nio-8080-exec-7] com.mustertech.shop.inventory.StockChecker - Bestellung B-2026-614022 erfolgreich angelegt (3 Positionen, Summe 249,90 EUR)
2026-07-07 04:28:24,759 INFO [main] com.mustertech.shop.order.OrderService - Kundenkonto k-18527 angemeldet
2026-07-07 04:28:45,848 INFO [http-nio-8080-exec-1] com.mustertech.shop.payment.PaymentClient - Zahlung für Bestellung B-2026-832661 autorisiert (PSP-Referenz psp_68002077)
2026-07-07 04:29:08,850 INFO [scheduler-2] com.mustertech.shop.catalog.ProductService - Kundenkonto k-1084 angemeldet
2026-07-07 04:29:50,989 INFO [http-nio-8080-exec-7] com.mustertech.shop.config.CacheWarmup - Empfehlungsmodell neu geladen (Version 2026-06-30)
2026-07-07 04:31:54,987 INFO [http-nio-8080-exec-7] com.mustertech.shop.config.CacheWarmup - Zahlung für Bestellung B-2026-163186 autorisiert (PSP-Referenz psp_23433808)
2026-07-07 04:33:16,990 INFO [kafka-listener-0] com.mustertech.shop.payment.PaymentClient - Bestellung B-2026-400099 erfolgreich angelegt (3 Positionen, Summe 249,90 EUR)
2026-07-07 04:34:11,141 INFO [http-nio-8080-exec-4] com.mustertech.shop.cart.CartService - Bestellung B-2026-582276 an Versanddienstleister übergeben
2026-07-07 04:36:27,056 WARN [scheduler-2] com.mustertech.shop.order.OrderService - Retry 2/3 für PSP-Aufruf, vorheriger Versuch mit Timeout nach 5000 ms
2026-07-07 04:36:44,383 INFO [http-nio-8080-exec-7] com.mustertech.shop.config.CacheWarmup - Bestellung B-2026-921967 an Versanddienstleister übergeben
2026-07-07 04:38:56,112 INFO [http-nio-8080-exec-7] com.mustertech.shop.inventory.StockChecker - Warenkorb w-43496 zusammengeführt nach Login
2026-07-07 04:39:35,912 INFO [http-nio-8080-exec-1] com.mustertech.shop.cart.CartService - Empfehlungsmodell neu geladen (Version 2026-06-30)
2026-07-07 04:41:29,205 INFO [scheduler-2] com.mustertech.shop.payment.PaymentClient - Bestellung B-2026-183731 an Versanddienstleister übergeben
2026-07-07 04:41:50,152 INFO [scheduler-2] com.mustertech.shop.payment.PaymentClient - Warenkorb w-66793 zusammengeführt nach Login
2026-07-07 04:42:16,825 INFO [main] com.mustertech.shop.catalog.ProductService - Bestellung B-2026-742102 an Versanddienstleister übergeben
2026-07-07 04:42:51,078 INFO [http-nio-8080-exec-7] com.mustertech.shop.catalog.ProductService - Empfehlungsmodell neu geladen (Version 2026-06-30)
2026-07-07 04:44:38,385 INFO [kafka-listener-0] com.mustertech.shop.config.CacheWarmup - Warenkorb w-72129 zusammengeführt nach Login
2026-07-07 04:45:16,033 INFO [http-nio-8080-exec-7] com.mustertech.shop.catalog.ProductService - Bestellung B-2026-139086 an Versanddienstleister übergeben
2026-07-07 04:47:09,994 INFO [http-nio-8080-exec-1] com.mustertech.shop.payment.PaymentClient - Kundenkonto k-10530 angemeldet
2026-07-07 04:48:56,105 INFO [http-nio-8080-exec-1] com.mustertech.shop.cart.CartService - Produktkatalog-Cache aktualisiert: 12841 Artikel in 3421 ms
2026-07-07 04:51:05,069 INFO [main] com.mustertech.shop.order.OrderController - Bestellung B-2026-808655 erfolgreich angelegt (3 Positionen, Summe 249,90 EUR)
2026-07-07 04:53:08,873 INFO [http-nio-8080-exec-1] com.mustertech.shop.order.OrderService - Zahlung für Bestellung B-2026-216118 autorisiert (PSP-Referenz psp_80322562)
2026-07-07 04:53:53,757 INFO [http-nio-8080-exec-1] com.mustertech.shop.catalog.ProductService - Kundenkonto k-66917 angemeldet
2026-07-07 04:56:22,358 DEBUG [scheduler-2] com.mustertech.shop.cart.CartService - Preisberechnung für Warenkorb w-84560: 4 Positionen, 2 Rabattregeln angewendet
2026-07-07 04:57:20,097 INFO [main] com.mustertech.shop.cart.CartService - Lagerbestand für Artikel MT-26705 aktualisiert: 42 -> 41
2026-07-07 04:59:39,193 INFO [http-nio-8080-exec-4] com.mustertech.shop.order.OrderService - Bestellung B-2026-235553 an Versanddienstleister übergeben
2026-07-07 05:01:42,304 INFO [http-nio-8080-exec-1] com.mustertech.shop.cart.CartService - Empfehlungsmodell neu geladen (Version 2026-06-30)
2026-07-07 05:02:00,961 INFO [http-nio-8080-exec-4] com.mustertech.shop.catalog.ProductService - Zahlung für Bestellung B-2026-939745 autorisiert (PSP-Referenz psp_55053713)
2026-07-07 05:03:45,148 WARN [http-nio-8080-exec-7] com.mustertech.shop.order.OrderController - Langsame Datenbankabfrage: findOrdersByCustomer dauerte 2841 ms (Schwellwert 1000 ms)
2026-07-07 05:05:19,599 INFO [http-nio-8080-exec-4] com.mustertech.shop.payment.PaymentClient - Bestellung B-2026-435436 an Versanddienstleister übergeben
2026-07-07 05:05:51,930 INFO [scheduler-2] com.mustertech.shop.order.OrderController - Empfehlungsmodell neu geladen (Version 2026-06-30)
2026-07-07 05:06:47,637 WARN [http-nio-8080-exec-7] com.mustertech.shop.order.OrderController - Langsame Datenbankabfrage: findOrdersByCustomer dauerte 2841 ms (Schwellwert 1000 ms)
2026-07-07 05:08:33,706 INFO [kafka-listener-0] com.mustertech.shop.order.OrderController - Zahlung für Bestellung B-2026-257966 autorisiert (PSP-Referenz psp_19822668)
2026-07-07 05:09:52,611 WARN [http-nio-8080-exec-7] com.mustertech.shop.order.OrderController - Langsame Datenbankabfrage: findOrdersByCustomer dauerte 2841 ms (Schwellwert 1000 ms)
2026-07-07 05:11:01,904 INFO [kafka-listener-0] com.mustertech.shop.cart.CartService - Produktkatalog-Cache aktualisiert: 12841 Artikel in 3421 ms
2026-07-07 05:12:21,858 INFO [http-nio-8080-exec-1] com.mustertech.shop.cart.CartService - Bestellung B-2026-378120 erfolgreich angelegt (3 Positionen, Summe 249,90 EUR)
2026-07-07 05:13:30,706 WARN [http-nio-8080-exec-4] com.mustertech.shop.order.OrderController - Langsame Datenbankabfrage: findOrdersByCustomer dauerte 2841 ms (Schwellwert 1000 ms)
2026-07-07 05:14:26,486 INFO [http-nio-8080-exec-7] com.mustertech.shop.config.CacheWarmup - Warenkorb w-80998 zusammengeführt nach Login
2026-07-07 05:16:45,564 INFO [main] com.mustertech.shop.catalog.ProductService - Kundenkonto k-96860 angemeldet
2026-07-07 05:17:16,494 INFO [http-nio-8080-exec-1] com.mustertech.shop.config.CacheWarmup - Lagerbestand für Artikel MT-16230 aktualisiert: 42 -> 41
2026-07-07 05:18:30,291 INFO [main] com.mustertech.shop.inventory.StockChecker - Bestellung B-2026-274444 erfolgreich angelegt (3 Positionen, Summe 249,90 EUR)
2026-07-07 05:19:41,876 INFO [kafka-listener-0] com.mustertech.shop.config.CacheWarmup - Bestellung B-2026-535625 an Versanddienstleister übergeben
2026-07-07 05:21:49,838 INFO [http-nio-8080-exec-7] com.mustertech.shop.cart.CartService - Bestellung B-2026-296836 erfolgreich angelegt (3 Positionen, Summe 249,90 EUR)
2026-07-07 05:22:58,817 INFO [main] com.mustertech.shop.order.OrderService - Warenkorb w-97732 zusammengeführt nach Login
2026-07-07 05:25:01,542 INFO [http-nio-8080-exec-7] com.mustertech.shop.order.OrderController - Warenkorb w-19734 zusammengeführt nach Login
2026-07-07 05:25:28,652 INFO [http-nio-8080-exec-1] com.mustertech.shop.cart.CartService - Bestellung B-2026-886264 erfolgreich angelegt (3 Positionen, Summe 249,90 EUR)
2026-07-07 05:26:43,977 ERROR [http-nio-8080-exec-4] com.mustertech.shop.order.OrderService - Unerwarteter Fehler bei Bestellung B-2026-913680
java.lang.NullPointerException: Cannot invoke "com.mustertech.shop.customer.Address.getZipCode()" because the return value of "com.mustertech.shop.customer.Customer.getShippingAddress()" is null
	at com.mustertech.shop.order.OrderService.calculateShipping(OrderService.java:187)
	at com.mustertech.shop.order.OrderService.placeOrder(OrderService.java:102)
	at com.mustertech.shop.order.OrderController.create(OrderController.java:58)
	at jdk.internal.reflect.DirectMethodHandleAccessor.invoke(DirectMethodHandleAccessor.java:103)
	at org.springframework.web.method.support.InvocableHandlerMethod.doInvoke(InvocableHandlerMethod.java:255)
	at org.apache.catalina.core.ApplicationFilterChain.doFilter(ApplicationFilterChain.java:166)
	at java.base/java.lang.Thread.run(Thread.java:1583)
2026-07-07 05:29:00,759 INFO [http-nio-8080-exec-4] com.mustertech.shop.payment.PaymentClient - Zahlung für Bestellung B-2026-730770 autorisiert (PSP-Referenz psp_15706309)
2026-07-07 05:30:02,911 INFO [scheduler-2] com.mustertech.shop.order.OrderService - Zahlung für Bestellung B-2026-444721 autorisiert (PSP-Referenz psp_87057981)
2026-07-07 05:31:06,961 WARN [scheduler-2] com.mustertech.shop.config.CacheWarmup - Artikel MT-19846 hat negativen Sicherheitsbestand, prüfe Nachbestellung
2026-07-07 05:32:32,800 INFO [scheduler-2] com.mustertech.shop.config.CacheWarmup - Zahlung für Bestellung B-2026-316017 autorisiert (PSP-Referenz psp_91307110)
2026-07-07 05:33:24,604 INFO [http-nio-8080-exec-4] com.mustertech.shop.inventory.StockChecker - Lagerbestand für Artikel MT-31993 aktualisiert: 42 -> 41
2026-07-07 05:35:35,758 INFO [kafka-listener-0] com.mustertech.shop.config.CacheWarmup - Bestellung B-2026-793653 an Versanddienstleister übergeben
2026-07-07 05:36:38,992 INFO [scheduler-2] com.mustertech.shop.order.OrderController - Warenkorb w-11990 zusammengeführt nach Login
2026-07-07 05:38:56,895 WARN [scheduler-2] com.mustertech.shop.order.OrderService - Langsame Datenbankabfrage: findOrdersByCustomer dauerte 2841 ms (Schwellwert 1000 ms)
2026-07-07 05:41:14,632 INFO [scheduler-2] com.mustertech.shop.order.OrderController - Empfehlungsmodell neu geladen (Version 2026-06-30)
2026-07-07 05:42:18,850 INFO [http-nio-8080-exec-4] com.mustertech.shop.catalog.ProductService - Kundenkonto k-2450 angemeldet
2026-07-07 05:43:41,059 INFO [main] com.mustertech.shop.cart.CartService - Bestellung B-2026-744722 erfolgreich angelegt (3 Positionen, Summe 249,90 EUR)
2026-07-07 05:45:58,956 INFO [http-nio-8080-exec-1] com.mustertech.shop.catalog.ProductService - Empfehlungsmodell neu geladen (Version 2026-06-30)
2026-07-07 05:47:44,091 INFO [kafka-listener-0] com.mustertech.shop.catalog.ProductService - Empfehlungsmodell neu geladen (Version 2026-06-30)
2026-07-07 05:49:23,497 INFO [http-nio-8080-exec-1] com.mustertech.shop.payment.PaymentClient - Bestellung B-2026-358734 an Versanddienstleister übergeben
2026-07-07 05:50:22,298 WARN [main] com.mustertech.shop.order.OrderController - Deprecation: Endpoint /api/v0/produkte wird am 30.09. abgeschaltet, Aufrufer 10.20.30.4
2026-07-07 05:51:58,625 INFO [http-nio-8080-exec-4] com.mustertech.shop.order.OrderController - Bestellung B-2026-497346 an Versanddienstleister übergeben
2026-07-07 05:53:57,309 INFO [http-nio-8080-exec-1] com.mustertech.shop.order.OrderService - Zahlung für Bestellung B-2026-609971 autorisiert (PSP-Referenz psp_77537278)
2026-07-07 05:55:36,472 INFO [scheduler-2] com.mustertech.shop.inventory.StockChecker - Warenkorb w-10449 zusammengeführt nach Login
2026-07-07 05:56:03,650 WARN [kafka-listener-0] com.mustertech.shop.payment.PaymentClient - Deprecation: Endpoint /api/v0/produkte wird am 30.09. abgeschaltet, Aufrufer 10.20.30.90
2026-07-07 05:57:08,115 ERROR [main] com.mustertech.shop.inventory.StockChecker - Bestellung B-2026-969675 konnte nicht abgeschlossen werden: Zahlungsanbieter meldet Fehler 502
2026-07-07 05:57:41,253 DEBUG [scheduler-2] com.mustertech.shop.payment.PaymentClient - Preisberechnung für Warenkorb w-13148: 4 Positionen, 2 Rabattregeln angewendet
2026-07-07 05:58:05,043 INFO [kafka-listener-0] com.mustertech.shop.inventory.StockChecker - Zahlung für Bestellung B-2026-828261 autorisiert (PSP-Referenz psp_82828920)
2026-07-07 05:58:22,694 INFO [http-nio-8080-exec-7] com.mustertech.shop.inventory.StockChecker - Produktkatalog-Cache aktualisiert: 12841 Artikel in 3421 ms
2026-07-07 06:00:55,431 INFO [http-nio-8080-exec-1] com.mustertech.shop.catalog.ProductService - Bestellung B-2026-726728 erfolgreich angelegt (3 Positionen, Summe 249,90 EUR)
2026-07-07 06:01:52,366 INFO [kafka-listener-0] com.mustertech.shop.order.OrderController - Zahlung für Bestellung B-2026-158048 autorisiert (PSP-Referenz psp_69041670)
2026-07-07 06:04:15,661 INFO [kafka-listener-0] com.mustertech.shop.inventory.StockChecker - Empfehlungsmodell neu geladen (Version 2026-06-30)
2026-07-07 06:05:27,581 INFO [http-nio-8080-exec-4] com.mustertech.shop.payment.PaymentClient - Produktkatalog-Cache aktualisiert: 12841 Artikel in 3421 ms
2026-07-07 06:06:53,959 INFO [http-nio-8080-exec-7] com.mustertech.shop.catalog.ProductService - Bestellung B-2026-275069 erfolgreich angelegt (3 Positionen, Summe 249,90 EUR)
2026-07-07 06:08:57,450 INFO [main] com.mustertech.shop.inventory.StockChecker - Bestellung B-2026-179627 erfolgreich angelegt (3 Positionen, Summe 249,90 EUR)
2026-07-07 06:10:29,771 INFO [http-nio-8080-exec-1] com.mustertech.shop.inventory.StockChecker - Warenkorb w-49683 zusammengeführt nach Login
2026-07-07 06:12:56,474 WARN [main] com.mustertech.shop.catalog.ProductService - Artikel MT-38094 hat negativen Sicherheitsbestand, prüfe Nachbestellung
2026-07-07 06:15:13,475 WARN [http-nio-8080-exec-4] com.mustertech.shop.config.CacheWarmup - Cache-Miss-Rate über 40% in den letzten 5 Minuten
2026-07-07 06:17:37,541 INFO [http-nio-8080-exec-7] com.mustertech.shop.order.OrderController - Bestellung B-2026-370039 erfolgreich angelegt (3 Positionen, Summe 249,90 EUR)
2026-07-07 06:20:04,848 WARN [kafka-listener-0] com.mustertech.shop.cart.CartService - Cache-Miss-Rate über 40% in den letzten 5 Minuten
2026-07-07 06:20:55,767 INFO [http-nio-8080-exec-4] com.mustertech.shop.inventory.StockChecker - Zahlung für Bestellung B-2026-387155 autorisiert (PSP-Referenz psp_59151373)
2026-07-07 06:22:28,500 INFO [scheduler-2] com.mustertech.shop.cart.CartService - Zahlung für Bestellung B-2026-409334 autorisiert (PSP-Referenz psp_72199775)
2026-07-07 06:24:25,422 INFO [http-nio-8080-exec-7] com.mustertech.shop.cart.CartService - Lagerbestand für Artikel MT-15679 aktualisiert: 42 -> 41
2026-07-07 06:25:49,083 INFO [http-nio-8080-exec-1] com.mustertech.shop.cart.CartService - Produktkatalog-Cache aktualisiert: 12841 Artikel in 3421 ms
2026-07-07 06:26:43,891 INFO [http-nio-8080-exec-1] com.mustertech.shop.cart.CartService - Empfehlungsmodell neu geladen (Version 2026-06-30)
2026-07-07 06:28:25,156 INFO [http-nio-8080-exec-1] com.mustertech.shop.order.OrderService - Lagerbestand für Artikel MT-34404 aktualisiert: 42 -> 41
2026-07-07 06:29:20,376 WARN [http-nio-8080-exec-4] com.mustertech.shop.order.OrderController - Retry 2/3 für PSP-Aufruf, vorheriger Versuch mit Timeout nach 5000 ms
2026-07-07 06:31:08,159 INFO [http-nio-8080-exec-4] com.mustertech.shop.payment.PaymentClient - Empfehlungsmodell neu geladen (Version 2026-06-30)
2026-07-07 06:32:28,747 INFO [main] com.mustertech.shop.payment.PaymentClient - Bestellung B-2026-312835 an Versanddienstleister übergeben
2026-07-07 06:33:06,143 DEBUG [http-nio-8080-exec-7] com.mustertech.shop.order.OrderController - Preisberechnung für Warenkorb w-56928: 4 Positionen, 2 Rabattregeln angewendet
2026-07-07 06:35:33,995 INFO [main] com.mustertech.shop.cart.CartService - Bestellung B-2026-279529 erfolgreich angelegt (3 Positionen, Summe 249,90 EUR)
2026-07-07 06:37:38,762 DEBUG [scheduler-2] com.mustertech.shop.catalog.ProductService - Preisberechnung für Warenkorb w-77998: 4 Positionen, 2 Rabattregeln angewendet
2026-07-07 06:38:15,090 INFO [http-nio-8080-exec-7] com.mustertech.shop.catalog.ProductService - Zahlung für Bestellung B-2026-629476 autorisiert (PSP-Referenz psp_13417306)
2026-07-07 06:40:25,977 INFO [http-nio-8080-exec-4] com.mustertech.shop.catalog.ProductService - Lagerbestand für Artikel MT-19168 aktualisiert: 42 -> 41
2026-07-07 06:42:17,691 INFO [scheduler-2] com.mustertech.shop.catalog.ProductService - Empfehlungsmodell neu geladen (Version 2026-06-30)
2026-07-07 06:44:48,401 INFO [scheduler-2] com.mustertech.shop.config.CacheWarmup - Bestellung B-2026-569901 an Versanddienstleister übergeben
2026-07-07 06:46:32,417 INFO [http-nio-8080-exec-1] com.mustertech.shop.cart.CartService - Bestellung B-2026-153542 erfolgreich angelegt (3 Positionen, Summe 249,90 EUR)
2026-07-07 06:48:56,070 WARN [http-nio-8080-exec-7] com.mustertech.shop.payment.PaymentClient - Langsame Datenbankabfrage: findOrdersByCustomer dauerte 2841 ms (Schwellwert 1000 ms)
2026-07-07 06:49:56,418 INFO [main] com.mustertech.shop.catalog.ProductService - Bestellung B-2026-454492 an Versanddienstleister übergeben
2026-07-07 06:52:11,995 INFO [kafka-listener-0] com.mustertech.shop.config.CacheWarmup - Empfehlungsmodell neu geladen (Version 2026-06-30)
2026-07-07 06:52:50,073 INFO [scheduler-2] com.mustertech.shop.config.CacheWarmup - Kundenkonto k-44893 angemeldet
2026-07-07 06:54:42,184 INFO [http-nio-8080-exec-1] com.mustertech.shop.inventory.StockChecker - Bestellung B-2026-473527 erfolgreich angelegt (3 Positionen, Summe 249,90 EUR)
2026-07-07 06:55:25,697 INFO [scheduler-2] com.mustertech.shop.cart.CartService - Bestellung B-2026-676284 an Versanddienstleister übergeben
2026-07-07 06:56:13,396 WARN [kafka-listener-0] com.mustertech.shop.order.OrderService - Artikel MT-20127 hat negativen Sicherheitsbestand, prüfe Nachbestellung
2026-07-07 06:56:56,699 INFO [scheduler-2] com.mustertech.shop.catalog.ProductService - Zahlung für Bestellung B-2026-354147 autorisiert (PSP-Referenz psp_37118553)
2026-07-07 06:57:26,195 INFO [kafka-listener-0] com.mustertech.shop.order.OrderController - Kundenkonto k-88217 angemeldet
2026-07-07 06:59:42,416 INFO [scheduler-2] com.mustertech.shop.order.OrderService - Produktkatalog-Cache aktualisiert: 12841 Artikel in 3421 ms
2026-07-07 07:00:21,730 INFO [http-nio-8080-exec-1] com.mustertech.shop.inventory.StockChecker - Lagerbestand für Artikel MT-21080 aktualisiert: 42 -> 41
2026-07-07 07:02:50,456 INFO [kafka-listener-0] com.mustertech.shop.payment.PaymentClient - Lagerbestand für Artikel MT-13712 aktualisiert: 42 -> 41
2026-07-07 07:04:29,850 ERROR [kafka-listener-0] com.mustertech.shop.order.OrderController - Bestellung B-2026-272252 konnte nicht abgeschlossen werden: Zahlungsanbieter meldet Fehler 502
2026-07-07 07:06:47,723 INFO [scheduler-2] com.mustertech.shop.config.CacheWarmup - Kundenkonto k-41037 angemeldet
2026-07-07 07:08:34,708 INFO [http-nio-8080-exec-4] com.mustertech.shop.order.OrderController - Empfehlungsmodell neu geladen (Version 2026-06-30)
2026-07-07 07:09:10,267 INFO [scheduler-2] com.mustertech.shop.config.CacheWarmup - Lagerbestand für Artikel MT-26322 aktualisiert: 42 -> 41
2026-07-07 07:10:08,566 INFO [scheduler-2] com.mustertech.shop.inventory.StockChecker - Bestellung B-2026-716541 erfolgreich angelegt (3 Positionen, Summe 249,90 EUR)
2026-07-07 07:10:28,180 INFO [http-nio-8080-exec-4] com.mustertech.shop.inventory.StockChecker - Lagerbestand für Artikel MT-11587 aktualisiert: 42 -> 41
2026-07-07 07:12:26,392 INFO [scheduler-2] com.mustertech.shop.catalog.ProductService - Lagerbestand für Artikel MT-33146 aktualisiert: 42 -> 41
2026-07-07 07:14:47,032 INFO [scheduler-2] com.mustertech.shop.inventory.StockChecker - Kundenkonto k-9902 angemeldet
2026-07-07 07:16:13,243 INFO [http-nio-8080-exec-1] com.mustertech.shop.cart.CartService - Kundenkonto k-52242 angemeldet
2026-07-07 07:17:51,191 WARN [kafka-listener-0] com.mustertech.shop.catalog.ProductService - Langsame Datenbankabfrage: findOrdersByCustomer dauerte 2841 ms (Schwellwert 1000 ms)
2026-07-07 07:19:19,358 WARN [http-nio-8080-exec-4] com.mustertech.shop.catalog.ProductService - Retry 2/3 für PSP-Aufruf, vorheriger Versuch mit Timeout nach 5000 ms
2026-07-07 07:21:30,073 WARN [http-nio-8080-exec-7] com.mustertech.shop.order.OrderService - Deprecation: Endpoint /api/v0/produkte wird am 30.09. abgeschaltet, Aufrufer 10.20.30.242
2026-07-07 07:22:42,898 WARN [kafka-listener-0] com.mustertech.shop.config.CacheWarmup - Retry 2/3 für PSP-Aufruf, vorheriger Versuch mit Timeout nach 5000 ms
2026-07-07 07:23:55,477 INFO [kafka-listener-0] com.mustertech.shop.payment.PaymentClient - Kundenkonto k-94162 angemeldet
2026-07-07 07:24:24,302 WARN [http-nio-8080-exec-1] com.mustertech.shop.order.OrderService - Retry 2/3 für PSP-Aufruf, vorheriger Versuch mit Timeout nach 5000 ms
2026-07-07 07:25:46,605 WARN [scheduler-2] com.mustertech.shop.inventory.StockChecker - Langsame Datenbankabfrage: findOrdersByCustomer dauerte 2841 ms (Schwellwert 1000 ms)
2026-07-07 07:26:29,758 INFO [http-nio-8080-exec-7] com.mustertech.shop.cart.CartService - Empfehlungsmodell neu geladen (Version 2026-06-30)
2026-07-07 07:27:06,932 INFO [kafka-listener-0] com.mustertech.shop.cart.CartService - Empfehlungsmodell neu geladen (Version 2026-06-30)
2026-07-07 07:27:29,047 INFO [http-nio-8080-exec-7] com.mustertech.shop.order.OrderController - Warenkorb w-17687 zusammengeführt nach Login
2026-07-07 07:28:44,534 INFO [http-nio-8080-exec-7] com.mustertech.shop.payment.PaymentClient - Empfehlungsmodell neu geladen (Version 2026-06-30)
2026-07-07 07:30:04,957 INFO [scheduler-2] com.mustertech.shop.order.OrderController - Produktkatalog-Cache aktualisiert: 12841 Artikel in 3421 ms
2026-07-07 07:30:58,347 INFO [http-nio-8080-exec-7] com.mustertech.shop.payment.PaymentClient - Empfehlungsmodell neu geladen (Version 2026-06-30)
2026-07-07 07:32:09,467 INFO [http-nio-8080-exec-7] com.mustertech.shop.inventory.StockChecker - Warenkorb w-82153 zusammengeführt nach Login
2026-07-07 07:34:29,118 INFO [http-nio-8080-exec-1] com.mustertech.shop.catalog.ProductService - Empfehlungsmodell neu geladen (Version 2026-06-30)
2026-07-07 07:35:08,019 INFO [http-nio-8080-exec-7] com.mustertech.shop.order.OrderService - Kundenkonto k-68166 angemeldet
2026-07-07 07:35:47,230 WARN [http-nio-8080-exec-7] com.mustertech.shop.cart.CartService - Retry 2/3 für PSP-Aufruf, vorheriger Versuch mit Timeout nach 5000 ms
2026-07-07 07:37:49,614 DEBUG [http-nio-8080-exec-7] com.mustertech.shop.payment.PaymentClient - Preisberechnung für Warenkorb w-55555: 4 Positionen, 2 Rabattregeln angewendet
2026-07-07 07:39:08,892 INFO [scheduler-2] com.mustertech.shop.order.OrderService - Lagerbestand für Artikel MT-10282 aktualisiert: 42 -> 41
2026-07-07 07:39:28,707 INFO [http-nio-8080-exec-7] com.mustertech.shop.payment.PaymentClient - Kundenkonto k-17198 angemeldet
2026-07-07 07:41:12,269 WARN [scheduler-2] com.mustertech.shop.inventory.StockChecker - Retry 2/3 für PSP-Aufruf, vorheriger Versuch mit Timeout nach 5000 ms
2026-07-07 07:42:00,617 DEBUG [http-nio-8080-exec-4] com.mustertech.shop.order.OrderService - Preisberechnung für Warenkorb w-65725: 4 Positionen, 2 Rabattregeln angewendet
2026-07-07 07:44:20,608 INFO [http-nio-8080-exec-7] com.mustertech.shop.catalog.ProductService - Bestellung B-2026-385438 an Versanddienstleister übergeben
2026-07-07 07:46:10,987 INFO [http-nio-8080-exec-7] com.mustertech.shop.payment.PaymentClient - Bestellung B-2026-546778 erfolgreich angelegt (3 Positionen, Summe 249,90 EUR)
2026-07-07 07:48:32,265 INFO [http-nio-8080-exec-7] com.mustertech.shop.payment.PaymentClient - Zahlung für Bestellung B-2026-628635 autorisiert (PSP-Referenz psp_52625836)
2026-07-07 07:50:58,140 INFO [main] com.mustertech.shop.order.OrderService - Bestellung B-2026-621312 erfolgreich angelegt (3 Positionen, Summe 249,90 EUR)
2026-07-07 07:51:59,415 WARN [scheduler-2] com.mustertech.shop.config.CacheWarmup - Deprecation: Endpoint /api/v0/produkte wird am 30.09. abgeschaltet, Aufrufer 10.20.30.114
2026-07-07 07:54:28,656 INFO [http-nio-8080-exec-1] com.mustertech.shop.order.OrderService - Lagerbestand für Artikel MT-25996 aktualisiert: 42 -> 41
2026-07-07 07:55:04,490 INFO [main] com.mustertech.shop.payment.PaymentClient - Warenkorb w-95221 zusammengeführt nach Login
2026-07-07 07:56:22,531 INFO [http-nio-8080-exec-4] com.mustertech.shop.config.CacheWarmup - Bestellung B-2026-849603 an Versanddienstleister übergeben
2026-07-07 07:58:16,050 INFO [http-nio-8080-exec-4] com.mustertech.shop.cart.CartService - Bestellung B-2026-104566 erfolgreich angelegt (3 Positionen, Summe 249,90 EUR)
2026-07-07 07:59:22,144 INFO [http-nio-8080-exec-4] com.mustertech.shop.payment.PaymentClient - Zahlung für Bestellung B-2026-631324 autorisiert (PSP-Referenz psp_70685646)
2026-07-07 08:00:42,300 INFO [scheduler-2] com.mustertech.shop.order.OrderService - Empfehlungsmodell neu geladen (Version 2026-06-30)
2026-07-07 08:01:46,896 WARN [http-nio-8080-exec-7] com.mustertech.shop.order.OrderController - Langsame Datenbankabfrage: findOrdersByCustomer dauerte 2841 ms (Schwellwert 1000 ms)
2026-07-07 08:02:08,898 INFO [kafka-listener-0] com.mustertech.shop.order.OrderController - Zahlung für Bestellung B-2026-242469 autorisiert (PSP-Referenz psp_59538727)
2026-07-07 08:03:46,257 INFO [http-nio-8080-exec-4] com.mustertech.shop.catalog.ProductService - Warenkorb w-66524 zusammengeführt nach Login
2026-07-07 08:04:59,257 INFO [http-nio-8080-exec-4] com.mustertech.shop.order.OrderService - Kundenkonto k-67979 angemeldet
2026-07-07 08:06:19,589 INFO [main] com.mustertech.shop.order.OrderController - Warenkorb w-15304 zusammengeführt nach Login
2026-07-07 08:08:12,718 INFO [kafka-listener-0] com.mustertech.shop.order.OrderService - Zahlung für Bestellung B-2026-476271 autorisiert (PSP-Referenz psp_76689825)
2026-07-07 08:09:24,079 DEBUG [http-nio-8080-exec-7] com.mustertech.shop.config.CacheWarmup - Preisberechnung für Warenkorb w-94523: 4 Positionen, 2 Rabattregeln angewendet
2026-07-07 08:09:42,877 INFO [kafka-listener-0] com.mustertech.shop.payment.PaymentClient - Produktkatalog-Cache aktualisiert: 12841 Artikel in 3421 ms
2026-07-07 08:10:32,816 INFO [http-nio-8080-exec-4] com.mustertech.shop.config.CacheWarmup - Bestellung B-2026-135756 erfolgreich angelegt (3 Positionen, Summe 249,90 EUR)
2026-07-07 08:12:14,026 INFO [main] com.mustertech.shop.catalog.ProductService - Lagerbestand für Artikel MT-14266 aktualisiert: 42 -> 41
2026-07-07 08:13:46,334 WARN [main] com.mustertech.shop.order.OrderService - Langsame Datenbankabfrage: findOrdersByCustomer dauerte 2841 ms (Schwellwert 1000 ms)
2026-07-07 08:15:55,266 INFO [scheduler-2] com.mustertech.shop.payment.PaymentClient - Empfehlungsmodell neu geladen (Version 2026-06-30)
2026-07-07 08:17:34,506 WARN [main] com.mustertech.shop.payment.PaymentClient - Retry 2/3 für PSP-Aufruf, vorheriger Versuch mit Timeout nach 5000 ms
2026-07-07 08:17:59,055 INFO [http-nio-8080-exec-4] com.mustertech.shop.order.OrderService - Kundenkonto k-59162 angemeldet
2026-07-07 08:18:46,839 INFO [http-nio-8080-exec-4] com.mustertech.shop.inventory.StockChecker - Bestellung B-2026-329418 an Versanddienstleister übergeben
2026-07-07 08:20:32,114 WARN [http-nio-8080-exec-4] com.mustertech.shop.inventory.StockChecker - Cache-Miss-Rate über 40% in den letzten 5 Minuten
2026-07-07 08:22:13,478 WARN [http-nio-8080-exec-4] com.mustertech.shop.order.OrderService - Deprecation: Endpoint /api/v0/produkte wird am 30.09. abgeschaltet, Aufrufer 10.20.30.48
2026-07-07 08:24:34,205 INFO [http-nio-8080-exec-4] com.mustertech.shop.payment.PaymentClient - Kundenkonto k-77983 angemeldet
2026-07-07 08:26:22,251 INFO [http-nio-8080-exec-1] com.mustertech.shop.inventory.StockChecker - Kundenkonto k-56431 angemeldet
2026-07-07 08:28:07,414 INFO [scheduler-2] com.mustertech.shop.order.OrderService - Bestellung B-2026-501082 an Versanddienstleister übergeben
2026-07-07 08:30:33,542 INFO [http-nio-8080-exec-1] com.mustertech.shop.cart.CartService - Empfehlungsmodell neu geladen (Version 2026-06-30)
2026-07-07 08:31:44,664 INFO [main] com.mustertech.shop.order.OrderController - Produktkatalog-Cache aktualisiert: 12841 Artikel in 3421 ms
2026-07-07 08:32:07,965 INFO [http-nio-8080-exec-1] com.mustertech.shop.cart.CartService - Lagerbestand für Artikel MT-23584 aktualisiert: 42 -> 41
2026-07-07 08:33:53,412 WARN [http-nio-8080-exec-1] com.mustertech.shop.inventory.StockChecker - Retry 2/3 für PSP-Aufruf, vorheriger Versuch mit Timeout nach 5000 ms
2026-07-07 08:34:40,166 DEBUG [http-nio-8080-exec-4] com.mustertech.shop.order.OrderService - Preisberechnung für Warenkorb w-48483: 4 Positionen, 2 Rabattregeln angewendet
2026-07-07 08:37:13,972 DEBUG [http-nio-8080-exec-4] com.mustertech.shop.order.OrderController - Preisberechnung für Warenkorb w-5108: 4 Positionen, 2 Rabattregeln angewendet
2026-07-07 08:37:51,456 INFO [http-nio-8080-exec-7] com.mustertech.shop.payment.PaymentClient - Kundenkonto k-53465 angemeldet
2026-07-07 08:39:39,469 INFO [http-nio-8080-exec-4] com.mustertech.shop.cart.CartService - Produktkatalog-Cache aktualisiert: 12841 Artikel in 3421 ms
2026-07-07 08:40:56,928 INFO [main] com.mustertech.shop.cart.CartService - Warenkorb w-7024 zusammengeführt nach Login
2026-07-07 08:43:21,125 INFO [http-nio-8080-exec-1] com.mustertech.shop.catalog.ProductService - Zahlung für Bestellung B-2026-312502 autorisiert (PSP-Referenz psp_10262494)
2026-07-07 08:45:38,052 INFO [http-nio-8080-exec-7] com.mustertech.shop.inventory.StockChecker - Produktkatalog-Cache aktualisiert: 12841 Artikel in 3421 ms
2026-07-07 08:46:40,113 INFO [scheduler-2] com.mustertech.shop.catalog.ProductService - Kundenkonto k-65583 angemeldet
2026-07-07 08:48:31,608 DEBUG [main] com.mustertech.shop.config.CacheWarmup - Preisberechnung für Warenkorb w-64612: 4 Positionen, 2 Rabattregeln angewendet
2026-07-07 08:49:07,936 INFO [http-nio-8080-exec-7] com.mustertech.shop.cart.CartService - Warenkorb w-66691 zusammengeführt nach Login
2026-07-07 08:50:29,599 DEBUG [main] com.mustertech.shop.cart.CartService - Preisberechnung für Warenkorb w-68576: 4 Positionen, 2 Rabattregeln angewendet
2026-07-07 08:52:42,071 INFO [http-nio-8080-exec-4] com.mustertech.shop.order.OrderService - Bestellung B-2026-126304 an Versanddienstleister übergeben
2026-07-07 08:54:32,696 INFO [http-nio-8080-exec-7] com.mustertech.shop.inventory.StockChecker - Kundenkonto k-23632 angemeldet
2026-07-07 08:56:10,859 INFO [kafka-listener-0] com.mustertech.shop.order.OrderController - Kundenkonto k-67704 angemeldet
2026-07-07 08:58:09,677 WARN [scheduler-2] com.mustertech.shop.order.OrderController - Langsame Datenbankabfrage: findOrdersByCustomer dauerte 2841 ms (Schwellwert 1000 ms)
2026-07-07 08:58:44,205 INFO [http-nio-8080-exec-7] com.mustertech.shop.payment.PaymentClient - Bestellung B-2026-166484 an Versanddienstleister übergeben
2026-07-07 08:59:32,168 INFO [http-nio-8080-exec-4] com.mustertech.shop.inventory.StockChecker - Zahlung für Bestellung B-2026-114953 autorisiert (PSP-Referenz psp_94369025)
2026-07-07 09:00:40,462 INFO [http-nio-8080-exec-1] com.mustertech.shop.payment.PaymentClient - Zahlung für Bestellung B-2026-903554 autorisiert (PSP-Referenz psp_70400181)
2026-07-07 09:01:08,227 WARN [http-nio-8080-exec-7] com.mustertech.shop.order.OrderService - Cache-Miss-Rate über 40% in den letzten 5 Minuten
2026-07-07 09:03:13,339 INFO [kafka-listener-0] com.mustertech.shop.payment.PaymentClient - Lagerbestand für Artikel MT-27657 aktualisiert: 42 -> 41
2026-07-07 09:05:20,659 INFO [kafka-listener-0] com.mustertech.shop.payment.PaymentClient - Bestellung B-2026-906601 erfolgreich angelegt (3 Positionen, Summe 249,90 EUR)
2026-07-07 09:06:39,150 INFO [http-nio-8080-exec-1] com.mustertech.shop.order.OrderController - Warenkorb w-4118 zusammengeführt nach Login
2026-07-07 09:08:38,251 INFO [http-nio-8080-exec-4] com.mustertech.shop.cart.CartService - Lagerbestand für Artikel MT-36512 aktualisiert: 42 -> 41
2026-07-07 09:10:19,559 INFO [http-nio-8080-exec-1] com.mustertech.shop.order.OrderService - Bestellung B-2026-887278 an Versanddienstleister übergeben
2026-07-07 09:12:03,034 WARN [http-nio-8080-exec-1] com.mustertech.shop.payment.PaymentClient - Artikel MT-19829 hat negativen Sicherheitsbestand, prüfe Nachbestellung
2026-07-07 09:13:29,278 INFO [http-nio-8080-exec-4] com.mustertech.shop.order.OrderController - Zahlung für Bestellung B-2026-421239 autorisiert (PSP-Referenz psp_47707190)
2026-07-07 09:15:20,000 INFO [main] com.mustertech.shop.catalog.ProductService - Empfehlungsmodell neu geladen (Version 2026-06-30)
2026-07-07 09:17:54,294 INFO [http-nio-8080-exec-7] com.mustertech.shop.order.OrderService - Zahlung für Bestellung B-2026-586064 autorisiert (PSP-Referenz psp_31339274)
2026-07-07 09:19:40,031 INFO [http-nio-8080-exec-7] com.mustertech.shop.catalog.ProductService - Bestellung B-2026-395593 an Versanddienstleister übergeben
2026-07-07 09:22:09,828 WARN [main] com.mustertech.shop.catalog.ProductService - Cache-Miss-Rate über 40% in den letzten 5 Minuten
2026-07-07 09:22:52,021 INFO [kafka-listener-0] com.mustertech.shop.catalog.ProductService - Zahlung für Bestellung B-2026-571019 autorisiert (PSP-Referenz psp_53139916)
2026-07-07 09:25:09,815 ERROR [main] com.mustertech.shop.order.OrderService - Datenbankverbindung fehlgeschlagen, Transaktion wird zurückgerollt
org.springframework.dao.DataAccessResourceFailureException: Unable to acquire JDBC Connection
	at org.springframework.orm.jpa.vendor.HibernateJpaDialect.convertHibernateAccessException(HibernateJpaDialect.java:275)
	at com.mustertech.shop.order.OrderRepository.save(OrderRepository.java:44)
	at com.mustertech.shop.order.OrderService.placeOrder(OrderService.java:110)
Caused by: java.sql.SQLTransientConnectionException: HikariPool-1 - Connection is not available, request timed out after 30000ms
	at com.zaxxer.hikari.pool.HikariPool.createTimeoutException(HikariPool.java:696)
	at com.zaxxer.hikari.HikariDataSource.getConnection(HikariDataSource.java:181)
	... 12 more
Caused by: java.net.ConnectException: Connection refused
	at java.base/sun.nio.ch.Net.pollConnect(Native Method)
	at java.base/java.net.Socket.connect(Socket.java:751)
	... 18 more
2026-07-07 09:26:58,897 INFO [http-nio-8080-exec-1] com.mustertech.shop.payment.PaymentClient - Lagerbestand für Artikel MT-35766 aktualisiert: 42 -> 41
2026-07-07 09:28:48,061 INFO [kafka-listener-0] com.mustertech.shop.cart.CartService - Lagerbestand für Artikel MT-19193 aktualisiert: 42 -> 41
2026-07-07 09:30:15,930 INFO [kafka-listener-0] com.mustertech.shop.cart.CartService - Zahlung für Bestellung B-2026-153421 autorisiert (PSP-Referenz psp_58227099)
2026-07-07 09:30:43,429 WARN [main] com.mustertech.shop.payment.PaymentClient - Deprecation: Endpoint /api/v0/produkte wird am 30.09. abgeschaltet, Aufrufer 10.20.30.60
2026-07-07 09:31:09,120 INFO [main] com.mustertech.shop.order.OrderController - Warenkorb w-29520 zusammengeführt nach Login
2026-07-07 09:32:46,898 INFO [kafka-listener-0] com.mustertech.shop.order.OrderController - Lagerbestand für Artikel MT-17786 aktualisiert: 42 -> 41
2026-07-07 09:35:02,312 INFO [http-nio-8080-exec-7] com.mustertech.shop.order.OrderController - Warenkorb w-51680 zusammengeführt nach Login
2026-07-07 09:36:45,516 WARN [http-nio-8080-exec-4] com.mustertech.shop.order.OrderController - Langsame Datenbankabfrage: findOrdersByCustomer dauerte 2841 ms (Schwellwert 1000 ms)
2026-07-07 09:37:02,865 INFO [main] com.mustertech.shop.config.CacheWarmup - Produktkatalog-Cache aktualisiert: 12841 Artikel in 3421 ms
2026-07-07 09:38:13,636 INFO [kafka-listener-0] com.mustertech.shop.order.OrderController - Produktkatalog-Cache aktualisiert: 12841 Artikel in 3421 ms
2026-07-07 09:40:05,025 INFO [main] com.mustertech.shop.config.CacheWarmup - Empfehlungsmodell neu geladen (Version 2026-06-30)
2026-07-07 09:42:22,472 WARN [http-nio-8080-exec-7] com.mustertech.shop.order.OrderService - Artikel MT-10931 hat negativen Sicherheitsbestand, prüfe Nachbestellung
2026-07-07 09:44:34,186 WARN [kafka-listener-0] com.mustertech.shop.inventory.StockChecker - Artikel MT-37026 hat negativen Sicherheitsbestand, prüfe Nachbestellung
2026-07-07 09:46:59,664 INFO [kafka-listener-0] com.mustertech.shop.inventory.StockChecker - Kundenkonto k-19422 angemeldet
2026-07-07 09:48:22,934 WARN [main] com.mustertech.shop.order.OrderService - Retry 2/3 für PSP-Aufruf, vorheriger Versuch mit Timeout nach 5000 ms
2026-07-07 09:48:59,414 INFO [main] com.mustertech.shop.catalog.ProductService - Empfehlungsmodell neu geladen (Version 2026-06-30)
2026-07-07 09:51:19,739 INFO [http-nio-8080-exec-4] com.mustertech.shop.config.CacheWarmup - Kundenkonto k-4442 angemeldet
2026-07-07 09:51:44,931 DEBUG [http-nio-8080-exec-1] com.mustertech.shop.order.OrderController - Preisberechnung für Warenkorb w-99661: 4 Positionen, 2 Rabattregeln angewendet
2026-07-07 09:52:33,438 INFO [http-nio-8080-exec-1] com.mustertech.shop.inventory.StockChecker - Bestellung B-2026-834239 an Versanddienstleister übergeben
2026-07-07 09:53:00,473 INFO [http-nio-8080-exec-4] com.mustertech.shop.config.CacheWarmup - Lagerbestand für Artikel MT-21238 aktualisiert: 42 -> 41
2026-07-07 09:53:34,383 INFO [kafka-listener-0] com.mustertech.shop.config.CacheWarmup - Zahlung für Bestellung B-2026-194063 autorisiert (PSP-Referenz psp_67929444)
2026-07-07 09:55:02,257 INFO [http-nio-8080-exec-7] com.mustertech.shop.order.OrderService - Bestellung B-2026-625727 erfolgreich angelegt (3 Positionen, Summe 249,90 EUR)
2026-07-07 09:55:56,605 INFO [main] com.mustertech.shop.payment.PaymentClient - Bestellung B-2026-713681 erfolgreich angelegt (3 Positionen, Summe 249,90 EUR)
2026-07-07 09:57:13,370 INFO [http-nio-8080-exec-1] com.mustertech.shop.payment.PaymentClient - Produktkatalog-Cache aktualisiert: 12841 Artikel in 3421 ms
2026-07-07 09:58:20,694 INFO [kafka-listener-0] com.mustertech.shop.config.CacheWarmup - Kundenkonto k-27822 angemeldet
2026-07-07 09:59:52,060 INFO [http-nio-8080-exec-1] com.mustertech.shop.cart.CartService - Warenkorb w-9335 zusammengeführt nach Login
2026-07-07 10:00:45,761 WARN [scheduler-2] com.mustertech.shop.payment.PaymentClient - Deprecation: Endpoint /api/v0/produkte wird am 30.09. abgeschaltet, Aufrufer 10.20.30.122
2026-07-07 10:02:33,610 INFO [main] com.mustertech.shop.cart.CartService - Lagerbestand für Artikel MT-25922 aktualisiert: 42 -> 41
2026-07-07 10:04:27,465 INFO [kafka-listener-0] com.mustertech.shop.inventory.StockChecker - Bestellung B-2026-421398 an Versanddienstleister übergeben
2026-07-07 10:05:06,827 INFO [kafka-listener-0] com.mustertech.shop.config.CacheWarmup - Produktkatalog-Cache aktualisiert: 12841 Artikel in 3421 ms
2026-07-07 10:07:08,399 INFO [kafka-listener-0] com.mustertech.shop.order.OrderService - Kundenkonto k-52662 angemeldet
2026-07-07 10:07:27,961 INFO [kafka-listener-0] com.mustertech.shop.config.CacheWarmup - Kundenkonto k-42313 angemeldet
2026-07-07 10:08:14,515 WARN [main] com.mustertech.shop.payment.PaymentClient - Artikel MT-39438 hat negativen Sicherheitsbestand, prüfe Nachbestellung
2026-07-07 10:10:38,398 INFO [http-nio-8080-exec-7] com.mustertech.shop.config.CacheWarmup - Warenkorb w-92778 zusammengeführt nach Login
2026-07-07 10:11:41,785 INFO [scheduler-2] com.mustertech.shop.order.OrderController - Lagerbestand für Artikel MT-11759 aktualisiert: 42 -> 41
2026-07-07 10:13:10,298 INFO [scheduler-2] com.mustertech.shop.order.OrderService - Bestellung B-2026-251869 an Versanddienstleister übergeben
2026-07-07 10:13:36,589 WARN [http-nio-8080-exec-7] com.mustertech.shop.order.OrderController - Langsame Datenbankabfrage: findOrdersByCustomer dauerte 2841 ms (Schwellwert 1000 ms)
2026-07-07 10:15:40,115 INFO [http-nio-8080-exec-7] com.mustertech.shop.catalog.ProductService - Lagerbestand für Artikel MT-34072 aktualisiert: 42 -> 41
2026-07-07 10:16:41,220 INFO [http-nio-8080-exec-1] com.mustertech.shop.inventory.StockChecker - Zahlung für Bestellung B-2026-642354 autorisiert (PSP-Referenz psp_52588715)
2026-07-07 10:17:09,428 WARN [http-nio-8080-exec-1] com.mustertech.shop.order.OrderService - Deprecation: Endpoint /api/v0/produkte wird am 30.09. abgeschaltet, Aufrufer 10.20.30.86
2026-07-07 10:17:39,684 INFO [http-nio-8080-exec-1] com.mustertech.shop.order.OrderService - Bestellung B-2026-550303 erfolgreich angelegt (3 Positionen, Summe 249,90 EUR)
2026-07-07 10:18:13,617 WARN [kafka-listener-0] com.mustertech.shop.payment.PaymentClient - Artikel MT-10460 hat negativen Sicherheitsbestand, prüfe Nachbestellung
2026-07-07 10:19:30,642 INFO [http-nio-8080-exec-1] com.mustertech.shop.payment.PaymentClient - Bestellung B-2026-183013 erfolgreich angelegt (3 Positionen, Summe 249,90 EUR)
2026-07-07 10:21:12,461 WARN [http-nio-8080-exec-4] com.mustertech.shop.order.OrderService - Cache-Miss-Rate über 40% in den letzten 5 Minuten
2026-07-07 10:22:16,148 INFO [main] com.mustertech.shop.cart.CartService - Produktkatalog-Cache aktualisiert: 12841 Artikel in 3421 ms
2026-07-07 10:23:06,699 INFO [http-nio-8080-exec-7] com.mustertech.shop.config.CacheWarmup - Produktkatalog-Cache aktualisiert: 12841 Artikel in 3421 ms
2026-07-07 10:23:32,290 INFO [main] com.mustertech.shop.payment.PaymentClient - Zahlung für Bestellung B-2026-998872 autorisiert (PSP-Referenz psp_79917626)
2026-07-07 10:26:01,218 INFO [http-nio-8080-exec-4] com.mustertech.shop.config.CacheWarmup - Warenkorb w-86150 zusammengeführt nach Login
2026-07-07 10:27:48,691 INFO [http-nio-8080-exec-7] com.mustertech.shop.catalog.ProductService - Produktkatalog-Cache aktualisiert: 12841 Artikel in 3421 ms
2026-07-07 10:30:19,775 INFO [http-nio-8080-exec-1] com.mustertech.shop.order.OrderService - Produktkatalog-Cache aktualisiert: 12841 Artikel in 3421 ms
2026-07-07 10:32:06,933 DEBUG [http-nio-8080-exec-1] com.mustertech.shop.order.OrderController - Preisberechnung für Warenkorb w-44696: 4 Positionen, 2 Rabattregeln angewendet
2026-07-07 10:32:27,469 WARN [scheduler-2] com.mustertech.shop.cart.CartService - Artikel MT-31291 hat negativen Sicherheitsbestand, prüfe Nachbestellung
2026-07-07 10:34:03,095 INFO [http-nio-8080-exec-7] com.mustertech.shop.cart.CartService - Produktkatalog-Cache aktualisiert: 12841 Artikel in 3421 ms
2026-07-07 10:35:44,096 WARN [http-nio-8080-exec-4] com.mustertech.shop.cart.CartService - Artikel MT-23306 hat negativen Sicherheitsbestand, prüfe Nachbestellung
2026-07-07 10:37:32,548 INFO [http-nio-8080-exec-7] com.mustertech.shop.inventory.StockChecker - Bestellung B-2026-690026 an Versanddienstleister übergeben
2026-07-07 10:39:31,643 INFO [http-nio-8080-exec-7] com.mustertech.shop.payment.PaymentClient - Empfehlungsmodell neu geladen (Version 2026-06-30)
2026-07-07 10:42:01,500 INFO [http-nio-8080-exec-7] com.mustertech.shop.order.OrderController - Empfehlungsmodell neu geladen (Version 2026-06-30)
2026-07-07 10:42:24,704 INFO [http-nio-8080-exec-7] com.mustertech.shop.order.OrderController - Zahlung für Bestellung B-2026-961799 autorisiert (PSP-Referenz psp_11843044)
2026-07-07 10:42:44,599 INFO [http-nio-8080-exec-1] com.mustertech.shop.payment.PaymentClient - Produktkatalog-Cache aktualisiert: 12841 Artikel in 3421 ms
2026-07-07 10:43:59,466 INFO [http-nio-8080-exec-7] com.mustertech.shop.config.CacheWarmup - Bestellung B-2026-791797 an Versanddienstleister übergeben
2026-07-07 10:45:44,260 DEBUG [kafka-listener-0] com.mustertech.shop.catalog.ProductService - Preisberechnung für Warenkorb w-98063: 4 Positionen, 2 Rabattregeln angewendet
2026-07-07 10:46:51,114 INFO [scheduler-2] com.mustertech.shop.catalog.ProductService - Warenkorb w-7032 zusammengeführt nach Login
2026-07-07 10:48:19,542 WARN [http-nio-8080-exec-7] com.mustertech.shop.inventory.StockChecker - Retry 2/3 für PSP-Aufruf, vorheriger Versuch mit Timeout nach 5000 ms
2026-07-07 10:49:55,235 INFO [http-nio-8080-exec-7] com.mustertech.shop.inventory.StockChecker - Zahlung für Bestellung B-2026-154112 autorisiert (PSP-Referenz psp_65812026)
2026-07-07 10:50:56,710 INFO [http-nio-8080-exec-4] com.mustertech.shop.inventory.StockChecker - Bestellung B-2026-153397 an Versanddienstleister übergeben
2026-07-07 10:53:32,199 INFO [http-nio-8080-exec-1] com.mustertech.shop.inventory.StockChecker - Produktkatalog-Cache aktualisiert: 12841 Artikel in 3421 ms
2026-07-07 10:56:06,434 WARN [http-nio-8080-exec-4] com.mustertech.shop.cart.CartService - Cache-Miss-Rate über 40% in den letzten 5 Minuten
2026-07-07 10:57:22,350 INFO [main] com.mustertech.shop.cart.CartService - Kundenkonto k-87753 angemeldet
2026-07-07 10:57:54,996 WARN [kafka-listener-0] com.mustertech.shop.payment.PaymentClient - Cache-Miss-Rate über 40% in den letzten 5 Minuten
2026-07-07 10:58:45,338 INFO [http-nio-8080-exec-1] com.mustertech.shop.cart.CartService - Warenkorb w-94522 zusammengeführt nach Login
2026-07-07 10:59:40,407 INFO [http-nio-8080-exec-4] com.mustertech.shop.config.CacheWarmup - Produktkatalog-Cache aktualisiert: 12841 Artikel in 3421 ms
2026-07-07 11:02:11,919 WARN [http-nio-8080-exec-1] com.mustertech.shop.config.CacheWarmup - Cache-Miss-Rate über 40% in den letzten 5 Minuten
2026-07-07 11:02:57,384 INFO [scheduler-2] com.mustertech.shop.cart.CartService - Produktkatalog-Cache aktualisiert: 12841 Artikel in 3421 ms
2026-07-07 11:05:21,689 INFO [kafka-listener-0] com.mustertech.shop.order.OrderController - Lagerbestand für Artikel MT-12433 aktualisiert: 42 -> 41
2026-07-07 11:07:14,702 INFO [main] com.mustertech.shop.payment.PaymentClient - Empfehlungsmodell neu geladen (Version 2026-06-30)
2026-07-07 11:09:41,386 INFO [http-nio-8080-exec-7] com.mustertech.shop.cart.CartService - Empfehlungsmodell neu geladen (Version 2026-06-30)
2026-07-07 11:11:02,980 ERROR [http-nio-8080-exec-4] com.mustertech.shop.order.OrderService - Unerwarteter Fehler bei Bestellung B-2026-607661
java.lang.NullPointerException: Cannot invoke "com.mustertech.shop.customer.Address.getZipCode()" because the return value of "com.mustertech.shop.customer.Customer.getShippingAddress()" is null
	at com.mustertech.shop.order.OrderService.calculateShipping(OrderService.java:187)
	at com.mustertech.shop.order.OrderService.placeOrder(OrderService.java:102)
	at com.mustertech.shop.order.OrderController.create(OrderController.java:58)
	at jdk.internal.reflect.DirectMethodHandleAccessor.invoke(DirectMethodHandleAccessor.java:103)
	at org.springframework.web.method.support.InvocableHandlerMethod.doInvoke(InvocableHandlerMethod.java:255)
	at org.apache.catalina.core.ApplicationFilterChain.doFilter(ApplicationFilterChain.java:166)
	at java.base/java.lang.Thread.run(Thread.java:1583)
2026-07-07 11:12:18,042 INFO [main] com.mustertech.shop.config.CacheWarmup - Warenkorb w-26705 zusammengeführt nach Login
2026-07-07 11:12:56,668 INFO [http-nio-8080-exec-4] com.mustertech.shop.cart.CartService - Lagerbestand für Artikel MT-29585 aktualisiert: 42 -> 41
2026-07-07 11:13:48,971 INFO [scheduler-2] com.mustertech.shop.config.CacheWarmup - Lagerbestand für Artikel MT-25037 aktualisiert: 42 -> 41
2026-07-07 11:15:31,337 WARN [scheduler-2] com.mustertech.shop.config.CacheWarmup - Retry 2/3 für PSP-Aufruf, vorheriger Versuch mit Timeout nach 5000 ms
2026-07-07 11:16:25,716 INFO [http-nio-8080-exec-7] com.mustertech.shop.order.OrderService - Kundenkonto k-58899 angemeldet
2026-07-07 11:17:34,540 INFO [main] com.mustertech.shop.cart.CartService - Produktkatalog-Cache aktualisiert: 12841 Artikel in 3421 ms
2026-07-07 11:19:11,575 INFO [http-nio-8080-exec-7] com.mustertech.shop.order.OrderService - Bestellung B-2026-154623 an Versanddienstleister übergeben
2026-07-07 11:19:31,452 INFO [scheduler-2] com.mustertech.shop.cart.CartService - Empfehlungsmodell neu geladen (Version 2026-06-30)
2026-07-07 11:21:16,790 INFO [main] com.mustertech.shop.order.OrderController - Bestellung B-2026-345680 an Versanddienstleister übergeben
2026-07-07 11:22:48,742 INFO [http-nio-8080-exec-7] com.mustertech.shop.catalog.ProductService - Empfehlungsmodell neu geladen (Version 2026-06-30)
2026-07-07 11:23:22,538 DEBUG [http-nio-8080-exec-4] com.mustertech.shop.order.OrderController - Preisberechnung für Warenkorb w-93058: 4 Positionen, 2 Rabattregeln angewendet
2026-07-07 11:23:58,419 INFO [main] com.mustertech.shop.config.CacheWarmup - Kundenkonto k-60978 angemeldet
2026-07-07 11:26:23,319 INFO [kafka-listener-0] com.mustertech.shop.catalog.ProductService - Bestellung B-2026-891944 an Versanddienstleister übergeben
2026-07-07 11:28:13,530 INFO [main] com.mustertech.shop.order.OrderController - Warenkorb w-99226 zusammengeführt nach Login
2026-07-07 11:29:07,304 WARN [http-nio-8080-exec-4] com.mustertech.shop.cart.CartService - Deprecation: Endpoint /api/v0/produkte wird am 30.09. abgeschaltet, Aufrufer 10.20.30.55
2026-07-07 11:30:58,164 INFO [kafka-listener-0] com.mustertech.shop.catalog.ProductService - Produktkatalog-Cache aktualisiert: 12841 Artikel in 3421 ms
2026-07-07 11:31:59,374 INFO [main] com.mustertech.shop.cart.CartService - Bestellung B-2026-929775 erfolgreich angelegt (3 Positionen, Summe 249,90 EUR)
2026-07-07 11:32:31,789 WARN [main] com.mustertech.shop.payment.PaymentClient - Deprecation: Endpoint /api/v0/produkte wird am 30.09. abgeschaltet, Aufrufer 10.20.30.71
2026-07-07 11:33:30,652 WARN [main] com.mustertech.shop.order.OrderService - Deprecation: Endpoint /api/v0/produkte wird am 30.09. abgeschaltet, Aufrufer 10.20.30.183
2026-07-07 11:35:01,041 INFO [main] com.mustertech.shop.config.CacheWarmup - Lagerbestand für Artikel MT-21187 aktualisiert: 42 -> 41
2026-07-07 11:37:15,921 ERROR [scheduler-2] com.mustertech.shop.order.OrderService - Unerwarteter Fehler bei Bestellung B-2026-541383
java.lang.NullPointerException: Cannot invoke "com.mustertech.shop.customer.Address.getZipCode()" because the return value of "com.mustertech.shop.customer.Customer.getShippingAddress()" is null
	at com.mustertech.shop.order.OrderService.calculateShipping(OrderService.java:187)
	at com.mustertech.shop.order.OrderService.placeOrder(OrderService.java:102)
	at com.mustertech.shop.order.OrderController.create(OrderController.java:58)
	at jdk.internal.reflect.DirectMethodHandleAccessor.invoke(DirectMethodHandleAccessor.java:103)
	at org.springframework.web.method.support.InvocableHandlerMethod.doInvoke(InvocableHandlerMethod.java:255)
	at org.apache.catalina.core.ApplicationFilterChain.doFilter(ApplicationFilterChain.java:166)
	at java.base/java.lang.Thread.run(Thread.java:1583)
2026-07-07 11:38:07,159 INFO [scheduler-2] com.mustertech.shop.cart.CartService - Warenkorb w-43747 zusammengeführt nach Login
2026-07-07 11:39:53,017 INFO [http-nio-8080-exec-4] com.mustertech.shop.config.CacheWarmup - Produktkatalog-Cache aktualisiert: 12841 Artikel in 3421 ms
2026-07-07 11:40:48,523 INFO [http-nio-8080-exec-7] com.mustertech.shop.order.OrderService - Bestellung B-2026-353606 erfolgreich angelegt (3 Positionen, Summe 249,90 EUR)
2026-07-07 11:42:41,233 INFO [scheduler-2] com.mustertech.shop.payment.PaymentClient - Kundenkonto k-71378 angemeldet
2026-07-07 11:45:03,023 INFO [http-nio-8080-exec-1] com.mustertech.shop.order.OrderService - Zahlung für Bestellung B-2026-717344 autorisiert (PSP-Referenz psp_60836403)
2026-07-07 11:46:27,490 INFO [http-nio-8080-exec-1] com.mustertech.shop.cart.CartService - Bestellung B-2026-702333 erfolgreich angelegt (3 Positionen, Summe 249,90 EUR)
2026-07-07 11:48:19,311 WARN [scheduler-2] com.mustertech.shop.payment.PaymentClient - Langsame Datenbankabfrage: findOrdersByCustomer dauerte 2841 ms (Schwellwert 1000 ms)
2026-07-07 11:49:19,484 INFO [scheduler-2] com.mustertech.shop.inventory.StockChecker - Bestellung B-2026-963623 erfolgreich angelegt (3 Positionen, Summe 249,90 EUR)
2026-07-07 11:50:51,629 INFO [http-nio-8080-exec-7] com.mustertech.shop.payment.PaymentClient - Zahlung für Bestellung B-2026-102294 autorisiert (PSP-Referenz psp_59993971)
2026-07-07 11:52:54,418 INFO [http-nio-8080-exec-7] com.mustertech.shop.catalog.ProductService - Lagerbestand für Artikel MT-38077 aktualisiert: 42 -> 41
2026-07-07 11:53:24,607 INFO [main] com.mustertech.shop.cart.CartService - Bestellung B-2026-324624 an Versanddienstleister übergeben
2026-07-07 11:55:24,732 INFO [main] com.mustertech.shop.config.CacheWarmup - Empfehlungsmodell neu geladen (Version 2026-06-30)
2026-07-07 11:57:35,424 INFO [http-nio-8080-exec-1] com.mustertech.shop.order.OrderController - Bestellung B-2026-593248 erfolgreich angelegt (3 Positionen, Summe 249,90 EUR)
2026-07-07 12:00:10,444 INFO [http-nio-8080-exec-4] com.mustertech.shop.payment.PaymentClient - Warenkorb w-12708 zusammengeführt nach Login
2026-07-07 12:01:52,143 INFO [http-nio-8080-exec-7] com.mustertech.shop.order.OrderController - Produktkatalog-Cache aktualisiert: 12841 Artikel in 3421 ms
2026-07-07 12:02:36,352 INFO [kafka-listener-0] com.mustertech.shop.order.OrderService - Bestellung B-2026-686773 erfolgreich angelegt (3 Positionen, Summe 249,90 EUR)
2026-07-07 12:03:24,037 INFO [http-nio-8080-exec-7] com.mustertech.shop.config.CacheWarmup - Warenkorb w-53735 zusammengeführt nach Login
2026-07-07 12:03:50,420 INFO [http-nio-8080-exec-4] com.mustertech.shop.catalog.ProductService - Empfehlungsmodell neu geladen (Version 2026-06-30)
2026-07-07 12:06:25,622 INFO [http-nio-8080-exec-7] com.mustertech.shop.config.CacheWarmup - Produktkatalog-Cache aktualisiert: 12841 Artikel in 3421 ms
2026-07-07 12:06:54,325 INFO [http-nio-8080-exec-4] com.mustertech.shop.order.OrderService - Lagerbestand für Artikel MT-32763 aktualisiert: 42 -> 41
2026-07-07 12:07:21,004 INFO [scheduler-2] com.mustertech.shop.inventory.StockChecker - Bestellung B-2026-519701 an Versanddienstleister übergeben
2026-07-07 12:08:28,622 INFO [http-nio-8080-exec-4] com.mustertech.shop.inventory.StockChecker - Bestellung B-2026-825141 erfolgreich angelegt (3 Positionen, Summe 249,90 EUR)
2026-07-07 12:10:38,031 INFO [http-nio-8080-exec-1] com.mustertech.shop.cart.CartService - Bestellung B-2026-710752 erfolgreich angelegt (3 Positionen, Summe 249,90 EUR)
2026-07-07 12:13:12,604 INFO [main] com.mustertech.shop.order.OrderService - Bestellung B-2026-430461 an Versanddienstleister übergeben
2026-07-07 12:15:31,507 INFO [http-nio-8080-exec-1] com.mustertech.shop.config.CacheWarmup - Zahlung für Bestellung B-2026-383088 autorisiert (PSP-Referenz psp_66048965)
2026-07-07 12:16:33,906 INFO [http-nio-8080-exec-1] com.mustertech.shop.inventory.StockChecker - Empfehlungsmodell neu geladen (Version 2026-06-30)
2026-07-07 12:16:54,307 INFO [main] com.mustertech.shop.order.OrderController - Produktkatalog-Cache aktualisiert: 12841 Artikel in 3421 ms
2026-07-07 12:17:58,749 DEBUG [http-nio-8080-exec-4] com.mustertech.shop.inventory.StockChecker - Preisberechnung für Warenkorb w-41157: 4 Positionen, 2 Rabattregeln angewendet
2026-07-07 12:18:56,820 INFO [kafka-listener-0] com.mustertech.shop.cart.CartService - Produktkatalog-Cache aktualisiert: 12841 Artikel in 3421 ms
2026-07-07 12:21:03,463 INFO [kafka-listener-0] com.mustertech.shop.config.CacheWarmup - Empfehlungsmodell neu geladen (Version 2026-06-30)
2026-07-07 12:23:19,919 INFO [main] com.mustertech.shop.order.OrderController - Warenkorb w-23345 zusammengeführt nach Login
2026-07-07 12:24:44,903 INFO [scheduler-2] com.mustertech.shop.cart.CartService - Empfehlungsmodell neu geladen (Version 2026-06-30)
2026-07-07 12:25:11,391 INFO [http-nio-8080-exec-1] com.mustertech.shop.inventory.StockChecker - Warenkorb w-84799 zusammengeführt nach Login
2026-07-07 12:25:36,742 INFO [http-nio-8080-exec-1] com.mustertech.shop.payment.PaymentClient - Bestellung B-2026-466506 erfolgreich angelegt (3 Positionen, Summe 249,90 EUR)
2026-07-07 12:26:48,156 INFO [http-nio-8080-exec-4] com.mustertech.shop.config.CacheWarmup - Produktkatalog-Cache aktualisiert: 12841 Artikel in 3421 ms
2026-07-07 12:27:42,844 INFO [scheduler-2] com.mustertech.shop.inventory.StockChecker - Zahlung für Bestellung B-2026-667918 autorisiert (PSP-Referenz psp_32622162)
2026-07-07 12:29:53,941 WARN [http-nio-8080-exec-7] com.mustertech.shop.cart.CartService - Langsame Datenbankabfrage: findOrdersByCustomer dauerte 2841 ms (Schwellwert 1000 ms)
2026-07-07 12:30:58,467 WARN [http-nio-8080-exec-4] com.mustertech.shop.payment.PaymentClient - Deprecation: Endpoint /api/v0/produkte wird am 30.09. abgeschaltet, Aufrufer 10.20.30.114
2026-07-07 12:31:44,426 INFO [scheduler-2] com.mustertech.shop.inventory.StockChecker - Zahlung für Bestellung B-2026-820381 autorisiert (PSP-Referenz psp_40174497)
2026-07-07 12:33:24,538 INFO [main] com.mustertech.shop.payment.PaymentClient - Kundenkonto k-98430 angemeldet
2026-07-07 12:34:14,531 INFO [scheduler-2] com.mustertech.shop.config.CacheWarmup - Bestellung B-2026-315872 erfolgreich angelegt (3 Positionen, Summe 249,90 EUR)
2026-07-07 12:34:39,530 DEBUG [scheduler-2] com.mustertech.shop.order.OrderService - Preisberechnung für Warenkorb w-20610: 4 Positionen, 2 Rabattregeln angewendet
2026-07-07 12:37:01,532 INFO [http-nio-8080-exec-1] com.mustertech.shop.config.CacheWarmup - Warenkorb w-34375 zusammengeführt nach Login
2026-07-07 12:37:39,198 WARN [kafka-listener-0] com.mustertech.shop.order.OrderService - Cache-Miss-Rate über 40% in den letzten 5 Minuten
2026-07-07 12:38:27,818 INFO [scheduler-2] com.mustertech.shop.payment.PaymentClient - Kundenkonto k-19545 angemeldet
2026-07-07 12:39:32,922 INFO [main] com.mustertech.shop.order.OrderController - Produktkatalog-Cache aktualisiert: 12841 Artikel in 3421 ms
2026-07-07 12:40:54,450 INFO [http-nio-8080-exec-4] com.mustertech.shop.order.OrderController - Lagerbestand für Artikel MT-34692 aktualisiert: 42 -> 41
2026-07-07 12:43:27,721 INFO [http-nio-8080-exec-4] com.mustertech.shop.payment.PaymentClient - Warenkorb w-35038 zusammengeführt nach Login
2026-07-07 12:44:25,951 DEBUG [http-nio-8080-exec-7] com.mustertech.shop.order.OrderService - Preisberechnung für Warenkorb w-40913: 4 Positionen, 2 Rabattregeln angewendet
2026-07-07 12:46:56,872 INFO [main] com.mustertech.shop.cart.CartService - Produktkatalog-Cache aktualisiert: 12841 Artikel in 3421 ms
2026-07-07 12:49:21,789 DEBUG [http-nio-8080-exec-7] com.mustertech.shop.config.CacheWarmup - Preisberechnung für Warenkorb w-58658: 4 Positionen, 2 Rabattregeln angewendet
2026-07-07 12:50:22,892 DEBUG [http-nio-8080-exec-1] com.mustertech.shop.inventory.StockChecker - Preisberechnung für Warenkorb w-67923: 4 Positionen, 2 Rabattregeln angewendet
2026-07-07 12:51:18,545 WARN [http-nio-8080-exec-1] com.mustertech.shop.order.OrderService - Deprecation: Endpoint /api/v0/produkte wird am 30.09. abgeschaltet, Aufrufer 10.20.30.214
2026-07-07 12:53:03,094 INFO [http-nio-8080-exec-7] com.mustertech.shop.cart.CartService - Produktkatalog-Cache aktualisiert: 12841 Artikel in 3421 ms
2026-07-07 12:54:31,688 INFO [main] com.mustertech.shop.payment.PaymentClient - Empfehlungsmodell neu geladen (Version 2026-06-30)
2026-07-07 12:55:30,268 INFO [http-nio-8080-exec-7] com.mustertech.shop.inventory.StockChecker - Kundenkonto k-15163 angemeldet
2026-07-07 12:58:02,331 WARN [http-nio-8080-exec-7] com.mustertech.shop.catalog.ProductService - Artikel MT-17915 hat negativen Sicherheitsbestand, prüfe Nachbestellung
2026-07-07 12:59:37,243 INFO [scheduler-2] com.mustertech.shop.config.CacheWarmup - Bestellung B-2026-649370 erfolgreich angelegt (3 Positionen, Summe 249,90 EUR)
2026-07-07 13:01:22,021 INFO [kafka-listener-0] com.mustertech.shop.cart.CartService - Zahlung für Bestellung B-2026-919802 autorisiert (PSP-Referenz psp_62428765)
2026-07-07 13:03:10,059 INFO [http-nio-8080-exec-1] com.mustertech.shop.order.OrderService - Zahlung für Bestellung B-2026-983340 autorisiert (PSP-Referenz psp_45944153)
2026-07-07 13:03:33,847 INFO [kafka-listener-0] com.mustertech.shop.catalog.ProductService - Kundenkonto k-40248 angemeldet
2026-07-07 13:05:01,938 INFO [http-nio-8080-exec-1] com.mustertech.shop.order.OrderService - Bestellung B-2026-177648 an Versanddienstleister übergeben
2026-07-07 13:07:32,588 INFO [kafka-listener-0] com.mustertech.shop.inventory.StockChecker - Kundenkonto k-13334 angemeldet
2026-07-07 13:08:48,513 WARN [kafka-listener-0] com.mustertech.shop.order.OrderController - Cache-Miss-Rate über 40% in den letzten 5 Minuten
2026-07-07 13:11:07,963 ERROR [kafka-listener-0] com.mustertech.shop.order.OrderService - Datenbankverbindung fehlgeschlagen, Transaktion wird zurückgerollt
org.springframework.dao.DataAccessResourceFailureException: Unable to acquire JDBC Connection
	at org.springframework.orm.jpa.vendor.HibernateJpaDialect.convertHibernateAccessException(HibernateJpaDialect.java:275)
	at com.mustertech.shop.order.OrderRepository.save(OrderRepository.java:44)
	at com.mustertech.shop.order.OrderService.placeOrder(OrderService.java:110)
Caused by: java.sql.SQLTransientConnectionException: HikariPool-1 - Connection is not available, request timed out after 30000ms
	at com.zaxxer.hikari.pool.HikariPool.createTimeoutException(HikariPool.java:696)
	at com.zaxxer.hikari.HikariDataSource.getConnection(HikariDataSource.java:181)
	... 12 more
Caused by: java.net.ConnectException: Connection refused
	at java.base/sun.nio.ch.Net.pollConnect(Native Method)
	at java.base/java.net.Socket.connect(Socket.java:751)
	... 18 more
2026-07-07 13:13:02,545 INFO [http-nio-8080-exec-1] com.mustertech.shop.config.CacheWarmup - Kundenkonto k-25870 angemeldet
2026-07-07 13:14:15,749 ERROR [main] com.mustertech.shop.inventory.StockChecker - Bestellung B-2026-942424 konnte nicht abgeschlossen werden: Zahlungsanbieter meldet Fehler 502
2026-07-07 13:15:21,670 INFO [scheduler-2] com.mustertech.shop.cart.CartService - Warenkorb w-12301 zusammengeführt nach Login
2026-07-07 13:17:37,470 WARN [http-nio-8080-exec-1] com.mustertech.shop.order.OrderService - Retry 2/3 für PSP-Aufruf, vorheriger Versuch mit Timeout nach 5000 ms
2026-07-07 13:19:54,302 WARN [main] com.mustertech.shop.inventory.StockChecker - Retry 2/3 für PSP-Aufruf, vorheriger Versuch mit Timeout nach 5000 ms
2026-07-07 13:20:40,044 INFO [http-nio-8080-exec-1] com.mustertech.shop.catalog.ProductService - Lagerbestand für Artikel MT-39333 aktualisiert: 42 -> 41
2026-07-07 13:23:15,027 INFO [kafka-listener-0] com.mustertech.shop.order.OrderController - Empfehlungsmodell neu geladen (Version 2026-06-30)
2026-07-07 13:25:04,489 ERROR [scheduler-2] com.mustertech.shop.catalog.ProductService - Bestellung B-2026-443677 konnte nicht abgeschlossen werden: Zahlungsanbieter meldet Fehler 502
2026-07-07 13:27:33,974 ERROR [main] com.mustertech.shop.catalog.ProductService - Bestellung B-2026-600615 konnte nicht abgeschlossen werden: Zahlungsanbieter meldet Fehler 502
2026-07-07 13:29:51,534 WARN [scheduler-2] com.mustertech.shop.cart.CartService - Cache-Miss-Rate über 40% in den letzten 5 Minuten
2026-07-07 13:30:59,358 ERROR [http-nio-8080-exec-4] com.mustertech.shop.order.OrderService - Unerwarteter Fehler bei Bestellung B-2026-748158
java.lang.NullPointerException: Cannot invoke "com.mustertech.shop.customer.Address.getZipCode()" because the return value of "com.mustertech.shop.customer.Customer.getShippingAddress()" is null
	at com.mustertech.shop.order.OrderService.calculateShipping(OrderService.java:187)
	at com.mustertech.shop.order.OrderService.placeOrder(OrderService.java:102)
	at com.mustertech.shop.order.OrderController.create(OrderController.java:58)
	at jdk.internal.reflect.DirectMethodHandleAccessor.invoke(DirectMethodHandleAccessor.java:103)
	at org.springframework.web.method.support.InvocableHandlerMethod.doInvoke(InvocableHandlerMethod.java:255)
	at org.apache.catalina.core.ApplicationFilterChain.doFilter(ApplicationFilterChain.java:166)
	at java.base/java.lang.Thread.run(Thread.java:1583)
2026-07-07 13:33:03,110 WARN [kafka-listener-0] com.mustertech.shop.cart.CartService - Artikel MT-17628 hat negativen Sicherheitsbestand, prüfe Nachbestellung
2026-07-07 13:33:53,826 WARN [kafka-listener-0] com.mustertech.shop.order.OrderController - Retry 2/3 für PSP-Aufruf, vorheriger Versuch mit Timeout nach 5000 ms
2026-07-07 13:34:38,740 ERROR [main] com.mustertech.shop.catalog.ProductService - Bestellung B-2026-528342 konnte nicht abgeschlossen werden: Zahlungsanbieter meldet Fehler 502
2026-07-07 13:35:08,872 WARN [kafka-listener-0] com.mustertech.shop.inventory.StockChecker - Retry 2/3 für PSP-Aufruf, vorheriger Versuch mit Timeout nach 5000 ms
2026-07-07 13:37:24,780 INFO [http-nio-8080-exec-4] com.mustertech.shop.catalog.ProductService - Lagerbestand für Artikel MT-33166 aktualisiert: 42 -> 41
2026-07-07 13:38:00,447 WARN [http-nio-8080-exec-4] com.mustertech.shop.payment.PaymentClient - Langsame Datenbankabfrage: findOrdersByCustomer dauerte 2841 ms (Schwellwert 1000 ms)
2026-07-07 13:39:02,421 ERROR [kafka-listener-0] com.mustertech.shop.cart.CartService - Bestellung B-2026-479880 konnte nicht abgeschlossen werden: Zahlungsanbieter meldet Fehler 502
2026-07-07 13:40:56,865 ERROR [http-nio-8080-exec-4] com.mustertech.shop.cart.CartService - Bestellung B-2026-146209 konnte nicht abgeschlossen werden: Zahlungsanbieter meldet Fehler 502
2026-07-07 13:42:27,961 WARN [scheduler-2] com.mustertech.shop.order.OrderController - Langsame Datenbankabfrage: findOrdersByCustomer dauerte 2841 ms (Schwellwert 1000 ms)
2026-07-07 13:43:12,863 INFO [kafka-listener-0] com.mustertech.shop.order.OrderController - Lagerbestand für Artikel MT-34823 aktualisiert: 42 -> 41
2026-07-07 13:44:17,059 WARN [main] com.mustertech.shop.order.OrderService - Deprecation: Endpoint /api/v0/produkte wird am 30.09. abgeschaltet, Aufrufer 10.20.30.229
2026-07-07 13:46:02,540 WARN [main] com.mustertech.shop.config.CacheWarmup - Cache-Miss-Rate über 40% in den letzten 5 Minuten
2026-07-07 13:46:32,610 ERROR [http-nio-8080-exec-1] com.mustertech.shop.cart.CartService - Bestellung B-2026-957868 konnte nicht abgeschlossen werden: Zahlungsanbieter meldet Fehler 502
2026-07-07 13:48:08,901 INFO [kafka-listener-0] com.mustertech.shop.catalog.ProductService - Empfehlungsmodell neu geladen (Version 2026-06-30)
2026-07-07 13:50:37,007 WARN [main] com.mustertech.shop.order.OrderController - Artikel MT-26715 hat negativen Sicherheitsbestand, prüfe Nachbestellung
2026-07-07 13:52:08,858 ERROR [kafka-listener-0] com.mustertech.shop.config.CacheWarmup - Bestellung B-2026-515957 konnte nicht abgeschlossen werden: Zahlungsanbieter meldet Fehler 502
2026-07-07 13:53:36,416 ERROR [http-nio-8080-exec-1] com.mustertech.shop.catalog.ProductService - Bestellung B-2026-608139 konnte nicht abgeschlossen werden: Zahlungsanbieter meldet Fehler 502
2026-07-07 13:56:02,755 INFO [main] com.mustertech.shop.order.OrderController - Kundenkonto k-92188 angemeldet
2026-07-07 13:57:06,024 INFO [scheduler-2] com.mustertech.shop.order.OrderService - Bestellung B-2026-958083 an Versanddienstleister übergeben
2026-07-07 13:57:31,580 ERROR [main] com.mustertech.shop.order.OrderService - Datenbankverbindung fehlgeschlagen, Transaktion wird zurückgerollt
org.springframework.dao.DataAccessResourceFailureException: Unable to acquire JDBC Connection
	at org.springframework.orm.jpa.vendor.HibernateJpaDialect.convertHibernateAccessException(HibernateJpaDialect.java:275)
	at com.mustertech.shop.order.OrderRepository.save(OrderRepository.java:44)
	at com.mustertech.shop.order.OrderService.placeOrder(OrderService.java:110)
Caused by: java.sql.SQLTransientConnectionException: HikariPool-1 - Connection is not available, request timed out after 30000ms
	at com.zaxxer.hikari.pool.HikariPool.createTimeoutException(HikariPool.java:696)
	at com.zaxxer.hikari.HikariDataSource.getConnection(HikariDataSource.java:181)
	... 12 more
Caused by: java.net.ConnectException: Connection refused
	at java.base/sun.nio.ch.Net.pollConnect(Native Method)
	at java.base/java.net.Socket.connect(Socket.java:751)
	... 18 more
2026-07-07 13:59:19,571 INFO [http-nio-8080-exec-7] com.mustertech.shop.order.OrderController - Bestellung B-2026-646356 an Versanddienstleister übergeben
2026-07-07 14:01:31,479 WARN [scheduler-2] com.mustertech.shop.order.OrderService - Retry 2/3 für PSP-Aufruf, vorheriger Versuch mit Timeout nach 5000 ms
2026-07-07 14:01:58,517 WARN [scheduler-2] com.mustertech.shop.catalog.ProductService - Cache-Miss-Rate über 40% in den letzten 5 Minuten
2026-07-07 14:03:47,159 ERROR [main] com.mustertech.shop.cart.CartService - Bestellung B-2026-250517 konnte nicht abgeschlossen werden: Zahlungsanbieter meldet Fehler 502
2026-07-07 14:06:15,633 ERROR [main] com.mustertech.shop.order.OrderService - Bestellung B-2026-529301 konnte nicht abgeschlossen werden: Zahlungsanbieter meldet Fehler 502
2026-07-07 14:07:01,065 ERROR [http-nio-8080-exec-4] com.mustertech.shop.config.CacheWarmup - Bestellung B-2026-805484 konnte nicht abgeschlossen werden: Zahlungsanbieter meldet Fehler 502
2026-07-07 14:09:23,128 WARN [http-nio-8080-exec-1] com.mustertech.shop.order.OrderService - Langsame Datenbankabfrage: findOrdersByCustomer dauerte 2841 ms (Schwellwert 1000 ms)
2026-07-07 14:10:58,981 INFO [main] com.mustertech.shop.catalog.ProductService - Zahlung für Bestellung B-2026-351315 autorisiert (PSP-Referenz psp_51664526)
2026-07-07 14:13:20,677 WARN [http-nio-8080-exec-7] com.mustertech.shop.order.OrderService - Deprecation: Endpoint /api/v0/produkte wird am 30.09. abgeschaltet, Aufrufer 10.20.30.200
2026-07-07 14:14:25,738 INFO [kafka-listener-0] com.mustertech.shop.catalog.ProductService - Lagerbestand für Artikel MT-27376 aktualisiert: 42 -> 41
2026-07-07 14:15:33,694 INFO [kafka-listener-0] com.mustertech.shop.catalog.ProductService - Bestellung B-2026-454266 an Versanddienstleister übergeben
2026-07-07 14:16:58,448 INFO [kafka-listener-0] com.mustertech.shop.config.CacheWarmup - Bestellung B-2026-822092 an Versanddienstleister übergeben
2026-07-07 14:18:41,397 INFO [http-nio-8080-exec-7] com.mustertech.shop.payment.PaymentClient - Warenkorb w-3285 zusammengeführt nach Login
2026-07-07 14:20:13,928 ERROR [main] com.mustertech.shop.cart.CartService - Ungültige Anfrage abgewiesen
java.lang.IllegalArgumentException: Menge muss größer 0 sein, war: -2 (Artikel MT-26594)
	at com.mustertech.shop.cart.CartService.addItem(CartService.java:66)
	at com.mustertech.shop.cart.CartController.add(CartController.java:39)
	at java.base/java.lang.Thread.run(Thread.java:1583)
2026-07-07 14:21:01,498 INFO [kafka-listener-0] com.mustertech.shop.catalog.ProductService - Zahlung für Bestellung B-2026-210723 autorisiert (PSP-Referenz psp_59456833)
2026-07-07 14:21:52,732 INFO [scheduler-2] com.mustertech.shop.config.CacheWarmup - Lagerbestand für Artikel MT-32971 aktualisiert: 42 -> 41
2026-07-07 14:23:07,807 INFO [kafka-listener-0] com.mustertech.shop.payment.PaymentClient - Warenkorb w-88159 zusammengeführt nach Login
2026-07-07 14:25:21,964 WARN [http-nio-8080-exec-4] com.mustertech.shop.inventory.StockChecker - Cache-Miss-Rate über 40% in den letzten 5 Minuten
2026-07-07 14:27:23,083 INFO [http-nio-8080-exec-1] com.mustertech.shop.config.CacheWarmup - Produktkatalog-Cache aktualisiert: 12841 Artikel in 3421 ms
2026-07-07 14:28:18,086 ERROR [http-nio-8080-exec-7] com.mustertech.shop.payment.PaymentClient - PSP-Aufruf für Bestellung B-2026-405837 endgültig fehlgeschlagen (3/3 Versuche)
com.mustertech.shop.payment.PaymentException: Zahlungsanbieter nicht erreichbar
	at com.mustertech.shop.payment.PaymentClient.authorize(PaymentClient.java:93)
	at com.mustertech.shop.checkout.CheckoutService.completeOrder(CheckoutService.java:71)
Caused by: java.net.http.HttpTimeoutException: request timed out
	at java.net.http/jdk.internal.net.http.HttpClientImpl.send(HttpClientImpl.java:966)
	at com.mustertech.shop.payment.PaymentClient.doRequest(PaymentClient.java:141)
	... 9 more
2026-07-07 14:29:11,155 INFO [http-nio-8080-exec-7] com.mustertech.shop.order.OrderService - Warenkorb w-66068 zusammengeführt nach Login
2026-07-07 14:29:49,233 DEBUG [http-nio-8080-exec-4] com.mustertech.shop.cart.CartService - Preisberechnung für Warenkorb w-34299: 4 Positionen, 2 Rabattregeln angewendet
2026-07-07 14:31:29,596 INFO [kafka-listener-0] com.mustertech.shop.order.OrderController - Bestellung B-2026-957797 an Versanddienstleister übergeben
2026-07-07 14:33:56,743 INFO [kafka-listener-0] com.mustertech.shop.config.CacheWarmup - Bestellung B-2026-772691 erfolgreich angelegt (3 Positionen, Summe 249,90 EUR)
2026-07-07 14:35:29,255 INFO [http-nio-8080-exec-4] com.mustertech.shop.inventory.StockChecker - Lagerbestand für Artikel MT-38476 aktualisiert: 42 -> 41
2026-07-07 14:36:44,729 INFO [main] com.mustertech.shop.inventory.StockChecker - Warenkorb w-36775 zusammengeführt nach Login
2026-07-07 14:37:19,698 INFO [http-nio-8080-exec-7] com.mustertech.shop.config.CacheWarmup - Zahlung für Bestellung B-2026-265910 autorisiert (PSP-Referenz psp_38728353)
2026-07-07 14:38:01,304 ERROR [http-nio-8080-exec-4] com.mustertech.shop.payment.PaymentClient - PSP-Aufruf für Bestellung B-2026-621914 endgültig fehlgeschlagen (3/3 Versuche)
com.mustertech.shop.payment.PaymentException: Zahlungsanbieter nicht erreichbar
	at com.mustertech.shop.payment.PaymentClient.authorize(PaymentClient.java:93)
	at com.mustertech.shop.checkout.CheckoutService.completeOrder(CheckoutService.java:71)
Caused by: java.net.http.HttpTimeoutException: request timed out
	at java.net.http/jdk.internal.net.http.HttpClientImpl.send(HttpClientImpl.java:966)
	at com.mustertech.shop.payment.PaymentClient.doRequest(PaymentClient.java:141)
	... 9 more
2026-07-07 14:40:05,264 INFO [http-nio-8080-exec-1] com.mustertech.shop.config.CacheWarmup - Bestellung B-2026-643394 an Versanddienstleister übergeben
2026-07-07 14:42:26,392 WARN [scheduler-2] com.mustertech.shop.inventory.StockChecker - Deprecation: Endpoint /api/v0/produkte wird am 30.09. abgeschaltet, Aufrufer 10.20.30.251
2026-07-07 14:42:57,222 WARN [http-nio-8080-exec-7] com.mustertech.shop.order.OrderService - Cache-Miss-Rate über 40% in den letzten 5 Minuten
2026-07-07 14:43:20,312 INFO [http-nio-8080-exec-1] com.mustertech.shop.config.CacheWarmup - Empfehlungsmodell neu geladen (Version 2026-06-30)
2026-07-07 14:44:45,864 INFO [main] com.mustertech.shop.order.OrderService - Empfehlungsmodell neu geladen (Version 2026-06-30)
2026-07-07 14:46:14,181 INFO [kafka-listener-0] com.mustertech.shop.payment.PaymentClient - Zahlung für Bestellung B-2026-729932 autorisiert (PSP-Referenz psp_43839190)
2026-07-07 14:47:32,023 INFO [http-nio-8080-exec-4] com.mustertech.shop.config.CacheWarmup - Warenkorb w-86654 zusammengeführt nach Login
2026-07-07 14:49:19,437 INFO [http-nio-8080-exec-1] com.mustertech.shop.inventory.StockChecker - Zahlung für Bestellung B-2026-774194 autorisiert (PSP-Referenz psp_49355755)
2026-07-07 14:49:36,979 DEBUG [http-nio-8080-exec-1] com.mustertech.shop.catalog.ProductService - Preisberechnung für Warenkorb w-17864: 4 Positionen, 2 Rabattregeln angewendet
2026-07-07 14:51:21,587 INFO [scheduler-2] com.mustertech.shop.order.OrderController - Lagerbestand für Artikel MT-19737 aktualisiert: 42 -> 41
2026-07-07 14:52:00,929 INFO [http-nio-8080-exec-4] com.mustertech.shop.order.OrderService - Bestellung B-2026-461148 erfolgreich angelegt (3 Positionen, Summe 249,90 EUR)
2026-07-07 14:52:53,682 INFO [http-nio-8080-exec-1] com.mustertech.shop.inventory.StockChecker - Kundenkonto k-24967 angemeldet
2026-07-07 14:54:55,690 INFO [http-nio-8080-exec-7] com.mustertech.shop.order.OrderService - Kundenkonto k-45981 angemeldet
2026-07-07 14:55:28,284 WARN [http-nio-8080-exec-1] com.mustertech.shop.payment.PaymentClient - Langsame Datenbankabfrage: findOrdersByCustomer dauerte 2841 ms (Schwellwert 1000 ms)
2026-07-07 14:57:22,736 INFO [main] com.mustertech.shop.catalog.ProductService - Bestellung B-2026-621339 erfolgreich angelegt (3 Positionen, Summe 249,90 EUR)
2026-07-07 14:58:32,414 INFO [http-nio-8080-exec-1] com.mustertech.shop.cart.CartService - Produktkatalog-Cache aktualisiert: 12841 Artikel in 3421 ms
2026-07-07 14:59:34,770 WARN [http-nio-8080-exec-1] com.mustertech.shop.inventory.StockChecker - Retry 2/3 für PSP-Aufruf, vorheriger Versuch mit Timeout nach 5000 ms
2026-07-07 15:01:03,413 INFO [http-nio-8080-exec-4] com.mustertech.shop.catalog.ProductService - Kundenkonto k-71868 angemeldet
2026-07-07 15:03:29,360 INFO [main] com.mustertech.shop.payment.PaymentClient - Zahlung für Bestellung B-2026-265142 autorisiert (PSP-Referenz psp_90624733)
2026-07-07 15:04:44,036 WARN [http-nio-8080-exec-1] com.mustertech.shop.cart.CartService - Deprecation: Endpoint /api/v0/produkte wird am 30.09. abgeschaltet, Aufrufer 10.20.30.110
2026-07-07 15:07:18,619 INFO [scheduler-2] com.mustertech.shop.order.OrderService - Warenkorb w-33295 zusammengeführt nach Login
2026-07-07 15:08:17,443 INFO [kafka-listener-0] com.mustertech.shop.catalog.ProductService - Bestellung B-2026-333431 an Versanddienstleister übergeben
2026-07-07 15:10:24,126 INFO [http-nio-8080-exec-7] com.mustertech.shop.order.OrderController - Warenkorb w-63206 zusammengeführt nach Login
2026-07-07 15:11:46,315 WARN [http-nio-8080-exec-4] com.mustertech.shop.catalog.ProductService - Langsame Datenbankabfrage: findOrdersByCustomer dauerte 2841 ms (Schwellwert 1000 ms)
2026-07-07 15:13:18,680 INFO [http-nio-8080-exec-4] com.mustertech.shop.payment.PaymentClient - Empfehlungsmodell neu geladen (Version 2026-06-30)
2026-07-07 15:15:37,951 INFO [scheduler-2] com.mustertech.shop.inventory.StockChecker - Empfehlungsmodell neu geladen (Version 2026-06-30)
2026-07-07 15:16:57,429 INFO [http-nio-8080-exec-7] com.mustertech.shop.cart.CartService - Kundenkonto k-80606 angemeldet
2026-07-07 15:17:40,964 WARN [kafka-listener-0] com.mustertech.shop.inventory.StockChecker - Langsame Datenbankabfrage: findOrdersByCustomer dauerte 2841 ms (Schwellwert 1000 ms)
2026-07-07 15:19:33,572 WARN [kafka-listener-0] com.mustertech.shop.catalog.ProductService - Cache-Miss-Rate über 40% in den letzten 5 Minuten
2026-07-07 15:22:00,711 INFO [http-nio-8080-exec-1] com.mustertech.shop.inventory.StockChecker - Produktkatalog-Cache aktualisiert: 12841 Artikel in 3421 ms
2026-07-07 15:23:21,719 INFO [http-nio-8080-exec-7] com.mustertech.shop.order.OrderService - Produktkatalog-Cache aktualisiert: 12841 Artikel in 3421 ms
2026-07-07 15:24:40,764 INFO [kafka-listener-0] com.mustertech.shop.inventory.StockChecker - Warenkorb w-56965 zusammengeführt nach Login
2026-07-07 15:26:37,480 ERROR [kafka-listener-0] com.mustertech.shop.order.OrderService - Bestellung B-2026-368103 konnte nicht abgeschlossen werden: Zahlungsanbieter meldet Fehler 502
2026-07-07 15:28:45,117 INFO [kafka-listener-0] com.mustertech.shop.inventory.StockChecker - Bestellung B-2026-739539 erfolgreich angelegt (3 Positionen, Summe 249,90 EUR)
2026-07-07 15:30:04,286 INFO [kafka-listener-0] com.mustertech.shop.inventory.StockChecker - Bestellung B-2026-157063 an Versanddienstleister übergeben
2026-07-07 15:32:01,132 INFO [http-nio-8080-exec-1] com.mustertech.shop.order.OrderService - Warenkorb w-42670 zusammengeführt nach Login
2026-07-07 15:32:39,745 INFO [kafka-listener-0] com.mustertech.shop.order.OrderController - Empfehlungsmodell neu geladen (Version 2026-06-30)
2026-07-07 15:33:51,707 INFO [main] com.mustertech.shop.order.OrderService - Warenkorb w-88786 zusammengeführt nach Login
2026-07-07 15:35:21,607 INFO [http-nio-8080-exec-4] com.mustertech.shop.payment.PaymentClient - Bestellung B-2026-846736 erfolgreich angelegt (3 Positionen, Summe 249,90 EUR)
2026-07-07 15:37:48,226 INFO [http-nio-8080-exec-4] com.mustertech.shop.order.OrderService - Lagerbestand für Artikel MT-38317 aktualisiert: 42 -> 41
2026-07-07 15:38:40,597 DEBUG [kafka-listener-0] com.mustertech.shop.inventory.StockChecker - Preisberechnung für Warenkorb w-31748: 4 Positionen, 2 Rabattregeln angewendet
2026-07-07 15:39:13,518 INFO [scheduler-2] com.mustertech.shop.config.CacheWarmup - Lagerbestand für Artikel MT-27596 aktualisiert: 42 -> 41
2026-07-07 15:41:39,208 INFO [http-nio-8080-exec-7] com.mustertech.shop.cart.CartService - Kundenkonto k-82137 angemeldet
2026-07-07 15:42:38,599 INFO [http-nio-8080-exec-7] com.mustertech.shop.order.OrderService - Bestellung B-2026-701099 an Versanddienstleister übergeben
2026-07-07 15:43:34,780 INFO [http-nio-8080-exec-1] com.mustertech.shop.order.OrderController - Produktkatalog-Cache aktualisiert: 12841 Artikel in 3421 ms
2026-07-07 15:44:02,302 INFO [scheduler-2] com.mustertech.shop.payment.PaymentClient - Lagerbestand für Artikel MT-28051 aktualisiert: 42 -> 41
2026-07-07 15:46:02,407 INFO [kafka-listener-0] com.mustertech.shop.inventory.StockChecker - Kundenkonto k-35185 angemeldet
2026-07-07 15:48:26,618 WARN [http-nio-8080-exec-4] com.mustertech.shop.payment.PaymentClient - Cache-Miss-Rate über 40% in den letzten 5 Minuten
2026-07-07 15:48:52,542 INFO [kafka-listener-0] com.mustertech.shop.inventory.StockChecker - Kundenkonto k-20815 angemeldet
2026-07-07 15:49:14,461 INFO [main] com.mustertech.shop.config.CacheWarmup - Warenkorb w-50741 zusammengeführt nach Login
2026-07-07 15:50:21,755 INFO [http-nio-8080-exec-4] com.mustertech.shop.order.OrderController - Lagerbestand für Artikel MT-32471 aktualisiert: 42 -> 41
2026-07-07 15:50:50,331 INFO [http-nio-8080-exec-4] com.mustertech.shop.catalog.ProductService - Lagerbestand für Artikel MT-19617 aktualisiert: 42 -> 41
2026-07-07 15:51:24,728 WARN [main] com.mustertech.shop.inventory.StockChecker - Artikel MT-34673 hat negativen Sicherheitsbestand, prüfe Nachbestellung
2026-07-07 15:53:11,482 INFO [http-nio-8080-exec-7] com.mustertech.shop.order.OrderController - Kundenkonto k-21162 angemeldet
2026-07-07 15:55:03,466 INFO [main] com.mustertech.shop.order.OrderService - Produktkatalog-Cache aktualisiert: 12841 Artikel in 3421 ms
2026-07-07 15:55:25,722 INFO [http-nio-8080-exec-7] com.mustertech.shop.catalog.ProductService - Bestellung B-2026-282225 an Versanddienstleister übergeben
2026-07-07 15:57:07,427 WARN [http-nio-8080-exec-4] com.mustertech.shop.payment.PaymentClient - Retry 2/3 für PSP-Aufruf, vorheriger Versuch mit Timeout nach 5000 ms
2026-07-07 15:58:48,339 INFO [http-nio-8080-exec-7] com.mustertech.shop.config.CacheWarmup - Lagerbestand für Artikel MT-13201 aktualisiert: 42 -> 41
2026-07-07 16:01:06,739 INFO [scheduler-2] com.mustertech.shop.catalog.ProductService - Empfehlungsmodell neu geladen (Version 2026-06-30)
2026-07-07 16:03:04,822 INFO [kafka-listener-0] com.mustertech.shop.config.CacheWarmup - Produktkatalog-Cache aktualisiert: 12841 Artikel in 3421 ms
2026-07-07 16:04:24,757 ERROR [http-nio-8080-exec-7] com.mustertech.shop.order.OrderController - Bestellung B-2026-131657 konnte nicht abgeschlossen werden: Zahlungsanbieter meldet Fehler 502
2026-07-07 16:04:54,589 INFO [http-nio-8080-exec-7] com.mustertech.shop.config.CacheWarmup - Kundenkonto k-34949 angemeldet
2026-07-07 16:06:38,353 WARN [kafka-listener-0] com.mustertech.shop.inventory.StockChecker - Deprecation: Endpoint /api/v0/produkte wird am 30.09. abgeschaltet, Aufrufer 10.20.30.177
2026-07-07 16:07:55,124 INFO [scheduler-2] com.mustertech.shop.cart.CartService - Empfehlungsmodell neu geladen (Version 2026-06-30)
2026-07-07 16:10:18,387 INFO [http-nio-8080-exec-1] com.mustertech.shop.cart.CartService - Bestellung B-2026-689448 an Versanddienstleister übergeben
2026-07-07 16:12:00,787 WARN [http-nio-8080-exec-1] com.mustertech.shop.catalog.ProductService - Cache-Miss-Rate über 40% in den letzten 5 Minuten
2026-07-07 16:13:28,542 WARN [scheduler-2] com.mustertech.shop.payment.PaymentClient - Deprecation: Endpoint /api/v0/produkte wird am 30.09. abgeschaltet, Aufrufer 10.20.30.206
2026-07-07 16:14:12,521 INFO [http-nio-8080-exec-7] com.mustertech.shop.order.OrderService - Lagerbestand für Artikel MT-34805 aktualisiert: 42 -> 41
2026-07-07 16:16:42,280 INFO [http-nio-8080-exec-4] com.mustertech.shop.catalog.ProductService - Empfehlungsmodell neu geladen (Version 2026-06-30)
2026-07-07 16:18:20,362 INFO [main] com.mustertech.shop.order.OrderService - Kundenkonto k-9397 angemeldet
2026-07-07 16:19:43,219 INFO [scheduler-2] com.mustertech.shop.cart.CartService - Warenkorb w-22826 zusammengeführt nach Login
2026-07-07 16:20:19,290 INFO [http-nio-8080-exec-7] com.mustertech.shop.inventory.StockChecker - Bestellung B-2026-690503 an Versanddienstleister übergeben
2026-07-07 16:22:36,588 INFO [kafka-listener-0] com.mustertech.shop.config.CacheWarmup - Empfehlungsmodell neu geladen (Version 2026-06-30)
2026-07-07 16:24:04,013 INFO [main] com.mustertech.shop.order.OrderController - Empfehlungsmodell neu geladen (Version 2026-06-30)
2026-07-07 16:26:10,654 INFO [main] com.mustertech.shop.cart.CartService - Lagerbestand für Artikel MT-28365 aktualisiert: 42 -> 41
2026-07-07 16:28:19,292 INFO [http-nio-8080-exec-1] com.mustertech.shop.payment.PaymentClient - Bestellung B-2026-180460 erfolgreich angelegt (3 Positionen, Summe 249,90 EUR)
2026-07-07 16:30:06,931 INFO [scheduler-2] com.mustertech.shop.order.OrderController - Bestellung B-2026-784806 an Versanddienstleister übergeben
2026-07-07 16:30:43,464 INFO [http-nio-8080-exec-7] com.mustertech.shop.catalog.ProductService - Lagerbestand für Artikel MT-22864 aktualisiert: 42 -> 41
2026-07-07 16:33:06,764 INFO [http-nio-8080-exec-7] com.mustertech.shop.catalog.ProductService - Zahlung für Bestellung B-2026-460653 autorisiert (PSP-Referenz psp_19094454)
2026-07-07 16:34:59,032 DEBUG [scheduler-2] com.mustertech.shop.payment.PaymentClient - Preisberechnung für Warenkorb w-14240: 4 Positionen, 2 Rabattregeln angewendet
2026-07-07 16:36:55,284 INFO [main] com.mustertech.shop.order.OrderService - Kundenkonto k-76636 angemeldet
2026-07-07 16:37:57,232 WARN [main] com.mustertech.shop.payment.PaymentClient - Artikel MT-10644 hat negativen Sicherheitsbestand, prüfe Nachbestellung
2026-07-07 16:39:58,790 INFO [http-nio-8080-exec-1] com.mustertech.shop.order.OrderService - Kundenkonto k-95885 angemeldet
2026-07-07 16:41:05,534 INFO [http-nio-8080-exec-1] com.mustertech.shop.catalog.ProductService - Lagerbestand für Artikel MT-20274 aktualisiert: 42 -> 41
2026-07-07 16:43:33,028 INFO [http-nio-8080-exec-7] com.mustertech.shop.order.OrderService - Bestellung B-2026-571372 an Versanddienstleister übergeben
2026-07-07 16:45:41,336 DEBUG [kafka-listener-0] com.mustertech.shop.inventory.StockChecker - Preisberechnung für Warenkorb w-71355: 4 Positionen, 2 Rabattregeln angewendet
2026-07-07 16:46:24,661 INFO [http-nio-8080-exec-7] com.mustertech.shop.order.OrderService - Zahlung für Bestellung B-2026-622314 autorisiert (PSP-Referenz psp_95690727)
2026-07-07 16:47:57,972 INFO [kafka-listener-0] com.mustertech.shop.order.OrderService - Kundenkonto k-77500 angemeldet
2026-07-07 16:50:17,067 INFO [main] com.mustertech.shop.payment.PaymentClient - Lagerbestand für Artikel MT-30458 aktualisiert: 42 -> 41
2026-07-07 16:52:45,359 INFO [scheduler-2] com.mustertech.shop.payment.PaymentClient - Kundenkonto k-7469 angemeldet
2026-07-07 16:54:12,749 INFO [http-nio-8080-exec-4] com.mustertech.shop.catalog.ProductService - Zahlung für Bestellung B-2026-545866 autorisiert (PSP-Referenz psp_25954327)
2026-07-07 16:56:19,136 WARN [http-nio-8080-exec-7] com.mustertech.shop.config.CacheWarmup - Retry 2/3 für PSP-Aufruf, vorheriger Versuch mit Timeout nach 5000 ms
